Bearing,Condition,Inspection_Snapshot,Inspection_File,Operating_Hours,Actual_RUL_Physical_s,Actual_RUL_Physical_m,Predicted_RUL_s,Predicted_RUL_m,Absolute_Error_m,Percent_Error_Physical,Score_A_Physical,Actual_RUL_PDF_Literal_s,Percent_Error_Literal,Score_A_Literal,Predicted_Risk_Class,Prob_Normal,Prob_Warning,Prob_Critical
Bearing1_3,Cond 1,1801,acc_01802.csv,5.0,5730.0,95.5,0.0,0.0,95.5,100.0,0.0313,5730.0,100.0,0.0313,2,0.006,0.03,0.965
Bearing1_4,Cond 1,1138,acc_01139.csv,3.16,2890.0,48.17,2365.7,39.43,8.74,18.14,0.5333,339.0,-597.86,0.0,2,0.001,0.021,0.978
Bearing1_5,Cond 1,2301,acc_02302.csv,6.39,1610.0,26.83,7485.7,124.76,97.93,-364.95,0.0,1610.0,-364.95,0.0,0,0.864,0.081,0.055
Bearing1_6,Cond 1,2301,acc_02302.csv,6.39,1460.0,24.33,3612.2,60.2,35.87,-147.41,0.0,1460.0,-147.41,0.0,2,0.047,0.381,0.572
Bearing1_7,Cond 1,1501,acc_01502.csv,4.17,7570.0,126.17,3345.9,55.77,70.4,55.8,0.1446,7570.0,55.8,0.1446,2,0.179,0.229,0.592
Bearing2_3,Cond 2,1201,acc_01202.csv,3.34,7530.0,125.5,8894.7,148.24,22.74,-18.12,0.0811,7530.0,-18.12,0.0811,0,0.952,0.034,0.014
Bearing2_4,Cond 2,611,acc_00612.csv,1.7,1390.0,23.17,3597.4,59.96,36.79,-158.81,0.0,1390.0,-158.81,0.0,1,0.417,0.441,0.142
Bearing2_5,Cond 2,2001,acc_02002.csv,5.56,3090.0,51.5,6111.7,101.86,50.36,-97.79,0.0,3090.0,-97.79,0.0,0,0.707,0.172,0.12
Bearing2_6,Cond 2,571,acc_00572.csv,1.59,1290.0,21.5,8661.3,144.36,122.86,-571.42,0.0,1290.0,-571.42,0.0,0,0.899,0.065,0.036
Bearing2_7,Cond 2,171,acc_00172.csv,0.47,580.0,9.67,9723.7,162.06,152.39,-1576.49,0.0,580.0,-1576.49,0.0,2,0.242,0.341,0.416
Bearing3_3,Cond 3,351,acc_00352.csv,0.97,820.0,13.67,4481.5,74.69,61.02,-446.52,0.0,820.0,-446.52,0.0,1,0.045,0.763,0.192
