Model,Params,RUL MAE (min) 11 bearings,RUL MAE (min) 3 bearings,PHM T-Score,Stage Acc,Macro-F1
Constant (train mean),-,85.978,86.186,0.197,0.611,0.253
Ridge regression (last snapshot),-,84.224,83.687,0.194,0.557,0.433
Random Forest (last snapshot),-,72.211,67.924,0.281,0.627,0.453
LSTM,30593,90.074 +/- 1.873,87.892 +/- 9.469,0.208 +/- 0.013,0.551 +/- 0.010,0.392 +/- 0.036
CNN,24961,86.457 +/- 1.412,88.634 +/- 2.437,0.193 +/- 0.009,0.540 +/- 0.010,0.411 +/- 0.022
CNN + BiLSTM,95105,89.320 +/- 1.398,87.579 +/- 6.981,0.183 +/- 0.007,0.522 +/- 0.025,0.403 +/- 0.016
CNN + BiLSTM + Attention (single head),111745,88.274 +/- 0.772,90.187 +/- 4.406,0.185 +/- 0.002,0.530 +/- 0.005,0.394 +/- 0.027
PROPOSED: CNN + BiLSTM + Attention (dual head),113924,87.880 +/- 3.209,90.196 +/- 5.073,0.194 +/- 0.009,0.531 +/- 0.016,0.393 +/- 0.007
Proposed + log1p features,113924,88.070 +/- 2.677,95.665 +/- 2.079,0.194 +/- 0.018,0.540 +/- 0.035,0.398 +/- 0.012
Proposed + causal EMA smoothing,113924,87.772 +/- 3.324,89.799 +/- 5.350,0.196 +/- 0.008,0.510 +/- 0.014,0.393 +/- 0.015
