Bearing,Condition,Snapshots,Sequences,Lifetime_hrs,RUL_MAE_min,RUL_RMSE_min,Norm_RUL_MAE,PHM_T_Score,Risk_Acc_pct,Risk_Prec_pct,Risk_Recall_pct,Risk_W_F1_pct,Risk_Macro_F1_pct
Bearing1_3,Cond 1,2375,2360,6.59,114.43,128.51,0.4084,0.115,77.8,75.12,77.8,74.64,49.16
Bearing1_4,Cond 1,1428,1413,3.96,56.23,67.08,0.2007,0.2668,70.28,49.43,70.28,58.03,55.59
Bearing1_5,Cond 1,2463,2448,6.84,89.57,101.31,0.3197,0.2092,75.04,64.28,75.04,65.93,41.56
Bearing1_6,Cond 1,2448,2433,6.8,129.52,146.49,0.4622,0.0951,23.35,79.17,23.35,19.73,31.57
Bearing1_7,Cond 1,2259,2244,6.27,95.03,105.63,0.3392,0.1716,58.42,63.5,58.42,59.78,33.47
Bearing2_3,Cond 2,1955,1940,5.43,101.5,123.41,0.3623,0.1615,25.52,29.5,25.52,27.27,14.9
Bearing2_4,Cond 2,751,736,2.08,54.12,64.94,0.1931,0.1887,42.39,49.89,42.39,44.9,26.67
Bearing2_5,Cond 2,2311,2296,6.42,82.85,100.21,0.2957,0.2306,69.95,58.63,69.95,62.18,39.93
Bearing2_6,Cond 2,701,686,1.94,59.27,68.35,0.2115,0.1529,8.6,98.14,8.6,12.56,10.42
Bearing2_7,Cond 2,230,215,0.64,69.78,80.96,0.2491,0.0,12.09,100.0,12.09,21.58,7.19
Bearing3_3,Cond 3,434,419,1.2,61.4,66.15,0.2191,0.0051,8.59,60.38,8.59,15.04,8.3
