feature,MAE_increase_min
vert_spec_peak_freq,4.0712957
horiz_crest_factor,3.1830413
vert_margin_factor,2.2657213
vert_crest_factor,1.9161396
vert_kurtosis,1.8252989
vert_spec_spread,1.7860538
vert_shape_factor,1.7489938
vert_p2p,1.7214841
horiz_margin_factor,1.700318
horiz_impulse_factor,1.6781472
vert_spec_centroid,1.4000635
horiz_p2p,1.3311319
horiz_spec_spread,1.2318627
horiz_shape_factor,1.145907
horiz_peak,0.94675887
vert_peak,0.7626808
vert_std,0.5369582
horiz_rms,0.5151965
horiz_std,0.4326702
vert_spec_energy,0.35022742
horiz_kurtosis,0.30069715
horiz_skewness,0.19510368
vert_skewness,0.05539239
horiz_spec_energy,0.007379157
vert_rms,-0.059656765
horiz_rmsf,-0.10167147
vert_rmsf,-0.35650986
vert_impulse_factor,-0.58791643
horiz_spec_centroid,-1.3268814
horiz_spec_peak_freq,-1.5798688
