Bearing,phase_min,detected,lead_min,lead_%_of_phase,false_alarm_%_healthy,false_alarm_episodes,first_alarm_before_onset
Bearing1_3,128.0,True,128.0,100.0,13.3,22,True
Bearing1_4,56.5,True,56.5,100.0,0.4,2,True
Bearing1_5,8.8,True,7.7,87.0,0.1,3,True
Bearing1_6,5.7,True,5.7,100.0,46.7,62,True
Bearing1_7,175.0,True,175.0,100.0,17.2,22,True
Bearing2_3,1.2,True,1.0,86.0,4.0,32,True
Bearing2_4,1.2,True,0.8,71.0,15.4,6,True
Bearing2_5,1.5,True,0.7,44.0,24.4,38,True
Bearing2_6,2.0,True,1.7,83.0,0.0,0,False
Bearing2_7,1.0,True,1.0,100.0,23.1,4,True
Bearing3_3,20.2,True,17.3,86.0,0.0,0,False
