MAE,RMSE,MAE_per_bearing,StageAcc,MacroF1,AUC_degradation,FalseAlarm_pct,Lead_min_median,Missed_bearings,Model,Held-out,seed
0.2109754979610443,0.3437098264694214,0.2109754979610443,0.5254662840746055,0.2774278478797562,0.8653788698294955,0.0,67.83333333333331,0/1,CNN,Bearing1_1,42
0.19524137675762177,0.2546333074569702,0.19524137675762177,0.753586800573888,0.5558161315086684,0.8024370267346623,2.294853963838665,224.83333333333334,0/1,PROPOSED: CNN + BiLSTM + Attention (dual head),Bearing1_1,42
0.15310238301753998,0.19988548755645752,0.15310238301753998,0.4287383177570093,0.4012165247048807,0.999946323134729,48.51851851851852,7.5,0/1,CNN,Bearing1_2,42
0.3112422525882721,0.3660039007663727,0.3112422525882721,0.8154205607476636,0.36766715248679177,0.9422705314009662,11.481481481481481,6.166666666666657,0/1,PROPOSED: CNN + BiLSTM + Attention (dual head),Bearing1_2,42
0.21611979603767395,0.28234952688217163,0.21611979603767395,0.6875,0.719587681246864,0.998248839009288,4.411764705882353,124.99999999999999,0/1,CNN,Bearing2_1,42
0.2711274027824402,0.3406033515930176,0.2711274027824402,0.5859375,0.6555340410149287,0.9988099845201239,0.0,126.49999999999999,0/1,PROPOSED: CNN + BiLSTM + Attention (dual head),Bearing2_1,42
0.1778537780046463,0.32280993461608887,0.1778537780046463,0.7404092071611253,0.7654553508558943,0.998943828344312,0.0,96.83333333333331,0/1,CNN,Bearing2_2,42
0.19518400728702545,0.2939631938934326,0.19518400728702545,0.7864450127877238,0.8115397895032315,0.9642198689976561,0.0,98.83333333333331,0/1,PROPOSED: CNN + BiLSTM + Attention (dual head),Bearing2_2,42
0.012890437617897987,0.03161444142460823,0.012890437617897987,0.992,0.9280651735012789,0.9997265518184304,0.0,2.833333333333343,0/1,CNN,Bearing3_1,42
0.10533450543880463,0.11465955525636673,0.10533450543880463,0.972,0.5620192307692308,0.9507793273174734,0.0,2.333333333333343,0/1,PROPOSED: CNN + BiLSTM + Attention (dual head),Bearing3_1,42
0.02397705614566803,0.045656248927116394,0.02397705614566803,0.9728729963008631,0.7241634738186461,0.8469255267025969,0.89171974522293,3.8333333333333712,0/1,CNN,Bearing3_2,42
0.1688893586397171,0.21980281174182892,0.1688893586397171,0.9549938347718866,0.49837486824893995,0.9709333659970603,2.6114649681528666,8.166666666666686,0/1,PROPOSED: CNN + BiLSTM + Attention (dual head),Bearing3_2,42
0.19832567870616913,0.31252530217170715,0.19832567870616913,0.6416786226685797,0.4597349104545789,0.721931437696389,2.642559109874826,149.83333333333331,0/1,CNN,Bearing1_1,43
0.11835962533950806,0.16739331185817719,0.11835962533950806,0.7335007173601148,0.5250663766888372,0.9339275227940039,1.5994436717663423,205.33333333333331,0/1,CNN,Bearing1_1,44
0.1510278582572937,0.2078171819448471,0.1510278582572937,0.7446197991391679,0.5350092283522204,0.9331803430690776,3.4075104311543813,224.83333333333334,0/1,PROPOSED: CNN + BiLSTM + Attention (dual head),Bearing1_1,43
0.16096487641334534,0.19847692549228668,0.16096487641334534,0.71987087517934,0.5715059039890114,0.7695291814763303,3.546592489568846,224.83333333333334,0/1,PROPOSED: CNN + BiLSTM + Attention (dual head),Bearing1_1,44
0.11147116869688034,0.18766748905181885,0.11147116869688034,0.719626168224299,0.4500828010409274,0.9997584541062802,20.493827160493826,7.5,0/1,CNN,Bearing1_2,43
0.22940030694007874,0.28222495317459106,0.22940030694007874,0.21144859813084113,0.2577433433542296,0.9894524959742351,72.71604938271605,7.5,0/1,CNN,Bearing1_2,44
0.26838043332099915,0.30113986134529114,0.26838043332099915,0.7605140186915887,0.3407696151924038,0.8957595276435856,15.185185185185185,6.166666666666657,0/1,PROPOSED: CNN + BiLSTM + Attention (dual head),Bearing1_2,43
0.273456871509552,0.35128068923950195,0.273456871509552,0.7686915887850467,0.3649658162447629,0.9116478797638218,15.925925925925927,5.833333333333343,0/1,PROPOSED: CNN + BiLSTM + Attention (dual head),Bearing1_2,44
0.22359077632427216,0.2861240804195404,0.22359077632427216,0.6272321428571429,0.6095769764339743,1.0,1.4705882352941175,126.49999999999999,0/1,CNN,Bearing2_1,43
0.19748826324939728,0.2476883977651596,0.19748826324939728,0.6808035714285714,0.6150989081046822,1.0,0.0,125.83333333333333,0/1,CNN,Bearing2_1,44
0.30513712763786316,0.3769342601299286,0.30513712763786316,0.4185267857142857,0.5113668920119608,0.9990421826625386,8.088235294117647,126.49999999999999,0/1,PROPOSED: CNN + BiLSTM + Attention (dual head),Bearing2_1,43
0.27356985211372375,0.34421154856681824,0.27356985211372375,0.5546875,0.6444869759468251,0.9999516253869969,1.4705882352941175,126.49999999999999,0/1,PROPOSED: CNN + BiLSTM + Attention (dual head),Bearing2_1,44
0.18983064591884613,0.2885361909866333,0.18983064591884613,0.6521739130434783,0.6700073071546576,0.9999907353363535,0.0,98.66666666666666,0/1,CNN,Bearing2_2,43
0.1433914452791214,0.21168217062950134,0.1433914452791214,0.7659846547314578,0.7724496931639789,0.9355179410211513,0.0,93.0,0/1,CNN,Bearing2_2,44
0.2343878448009491,0.3190598487854004,0.2343878448009491,0.6317135549872123,0.651118197924576,0.9563819635528132,0.0,97.16666666666666,0/1,PROPOSED: CNN + BiLSTM + Attention (dual head),Bearing2_2,43
0.19270430505275726,0.26452478766441345,0.19270430505275726,0.7468030690537084,0.7665335835520501,0.9434762870933971,0.0,94.83333333333331,0/1,PROPOSED: CNN + BiLSTM + Attention (dual head),Bearing2_2,44
0.0397048220038414,0.06919987499713898,0.0397048220038414,0.968,0.6621761658031088,0.7576337617354844,0.0,1.3333333333333428,0/1,CNN,Bearing3_1,43
0.01042527612298727,0.05206013098359108,0.01042527612298727,0.98,0.7920164180830153,0.9302707136997539,0.0,2.1666666666666714,0/1,CNN,Bearing3_1,44
0.13285067677497864,0.13568426668643951,0.13285067677497864,0.974,0.6253497514163487,0.983866557287394,0.0,2.1666666666666714,0/1,PROPOSED: CNN + BiLSTM + Attention (dual head),Bearing3_1,43
0.10158604383468628,0.10746223479509354,0.10158604383468628,0.972,0.5538176341096049,0.9946221857624647,0.0,2.5,0/1,PROPOSED: CNN + BiLSTM + Attention (dual head),Bearing3_1,44
0.06920338422060013,0.11665657162666321,0.06920338422060013,0.9488286066584464,0.7163490106233183,0.9548873101420873,4.840764331210192,7.666666666666686,0/1,CNN,Bearing3_2,43
0.010773305781185627,0.025187481194734573,0.010773305781185627,0.9821208384710234,0.8327477686696625,0.9893067123958843,0.89171974522293,6.5,0/1,CNN,Bearing3_2,44
0.05530886352062225,0.060383494943380356,0.05530886352062225,0.9796547472256474,0.5335444357045374,0.9977707006369427,0.0,6.833333333333371,0/1,PROPOSED: CNN + BiLSTM + Attention (dual head),Bearing3_2,43
0.09534589946269989,0.10585710406303406,0.09534589946269989,0.9704069050554871,0.567829368547365,0.9970725134737873,0.9554140127388535,8.0,0/1,PROPOSED: CNN + BiLSTM + Attention (dual head),Bearing3_2,44
