Bearing,set,snapshots,failure_min,onset_idx,onset_min,onset_%life,phase_min,phase_snapshots,clamped,plateau_frac,spearman_HI_time,kurtosis_shift_z,verdict
Bearing1_1,learn,2803,467.0,1452,242.0,51.8,225.0,1350,False,0.46,0.99,18.1,gradual/sustained
Bearing1_2,learn,871,145.0,824,137.3,94.6,7.7,46,False,0.52,1.0,0.7,abrupt terminal failure
Bearing2_1,learn,911,151.7,150,25.0,16.5,126.7,760,False,0.84,0.05,2.1,SUSPECT step/plateau
Bearing2_2,learn,797,132.7,193,32.2,24.2,100.5,603,False,0.46,0.08,10.9,gradual/sustained
Bearing3_1,learn,515,85.7,491,81.8,95.3,3.8,23,False,0.81,0.15,-1.4,abrupt terminal failure
Bearing3_2,learn,1637,272.7,1584,264.0,96.8,8.7,52,False,0.19,1.0,12.6,abrupt terminal failure
Bearing1_3,test,2375,395.7,1605,267.5,67.6,128.2,769,False,0.37,0.53,107.7,gradual/sustained
Bearing1_4,test,1428,237.8,1087,181.2,76.1,56.7,340,False,0.3,1.0,21.0,gradual/sustained
Bearing1_5,test,2463,410.3,2408,401.3,97.8,9.0,54,False,0.65,0.92,183.6,abrupt terminal failure
Bearing1_6,test,2448,407.8,2412,402.0,98.5,5.8,35,False,0.5,1.0,6.1,abrupt terminal failure
Bearing1_7,test,2259,376.3,1207,201.2,53.4,175.2,1051,False,1.0,0.52,14.6,SUSPECT step/plateau
Bearing2_3,test,1955,325.7,1946,324.3,99.5,1.3,8,False,1.0,1.0,39.8,abrupt terminal failure
Bearing2_4,test,751,125.0,742,123.7,98.8,1.3,8,False,0.88,1.0,25.8,abrupt terminal failure
Bearing2_5,test,2311,385.0,2300,383.3,99.5,1.7,10,False,0.78,1.0,942.2,abrupt terminal failure
Bearing2_6,test,701,116.7,687,114.5,98.0,2.2,13,False,0.58,1.0,24.4,abrupt terminal failure
Bearing2_7,test,230,38.2,222,37.0,96.5,1.2,7,False,0.57,1.0,25.1,abrupt terminal failure
Bearing3_3,test,434,72.2,311,51.8,71.7,20.3,122,False,0.46,1.0,3.7,gradual/sustained
