onset_fraction,Model,MAE,AUC,FalseAlarm_%,test_degradation_windows
0.05,Constant (train mean),0.2607838809490204,0.5,99.71668882770393,2814
0.05,Random Forest (last snapshot),0.05689508468797382,0.9622120783711621,0.8999346736293345,2814
0.05,CNN,0.054167490452528,0.9515692168776912,1.4791472629381714,2814
0.05,PROPOSED: CNN + BiLSTM + Attention (dual head),0.10762786120176315,0.8855649088803539,8.721032064170355,2814
0.1,Constant (train mean),0.259369820356369,0.5,99.72322363884246,2417
0.1,Random Forest (last snapshot),0.05407162581404248,0.9733564270839177,0.8498722147463438,2417
0.1,CNN,0.05348791182041168,0.9596441007495,2.015168125700805,2417
0.1,PROPOSED: CNN + BiLSTM + Attention (dual head),0.11388487368822098,0.9630640255186046,13.136709945823826,2417
0.2,Constant (train mean),0.2555021345615387,0.5,99.73432697633122,1309
0.2,Random Forest (last snapshot),0.02695883708673329,0.9667891141664833,1.6761670384793832,1309
0.2,CNN,0.059766121208667755,0.9207417332183517,5.66159906250892,1309
0.2,PROPOSED: CNN + BiLSTM + Attention (dual head),0.11949946731328964,0.9701893797687143,20.472992229457972,1309
