feature,dMAE,dAUC
vert_rmsf,0.0222567,0.13317209306511313
horiz_spec_spread,0.010749437,0.0919837879776032
vert_std,0.023858918,0.049887394884100024
horiz_rmsf,0.0012309874,0.04532544606946235
vert_spec_peak_freq,0.024593316,0.042568862862014556
vert_rms,0.021339195,0.04102181271761592
vert_spec_energy,0.026103986,0.040749144061928165
vert_spec_spread,0.019824056,0.04067435809230635
horiz_spec_centroid,0.0044538155,0.03163186523835271
horiz_rms,0.020691203,0.030434202149136353
vert_crest_factor,0.00027848533,0.029184928245657993
vert_shape_factor,0.0020133953,0.02472840888401299
horiz_spec_peak_freq,0.00016747166,0.024020556087409346
horiz_std,0.015498412,0.022314883323758417
vert_impulse_factor,-0.00094373524,0.020661031421095027
vert_p2p,0.00679001,0.017249200452472285
horiz_p2p,0.011842978,0.017246941283248957
horiz_spec_energy,0.012670171,0.016364390291349062
horiz_peak,0.010669991,0.0158166024348448
vert_peak,0.0068034776,0.015567374993702013
horiz_shape_factor,0.0053946227,0.014399715912270664
vert_skewness,-0.000870049,0.013139267523005685
vert_margin_factor,-0.00021303694,0.011690425891953793
vert_kurtosis,0.004241643,0.006510883692432394
horiz_margin_factor,0.0013924117,0.0046019137049073304
vert_spec_centroid,0.00029540062,0.004562620964158788
horiz_crest_factor,0.00043757012,0.003890098026752812
horiz_impulse_factor,0.0004014472,0.0021308773512617916
horiz_skewness,0.00033601126,0.0013636653500843272
horiz_kurtosis,0.00045545647,0.001197182315600398
