seed,Bearing,last4_pre,last4_post,entropy_pre,entropy_post
42,Bearing1_3,0.37428892,0.1944764,2.6642375,2.60577
42,Bearing1_4,0.44734907,0.29050624,2.5730846,2.7325945
42,Bearing1_5,0.4144158,0.26066545,2.6231153,2.6294398
42,Bearing1_6,0.35987428,0.34454358,2.6025398,2.5915375
42,Bearing1_7,0.37214077,0.27631116,2.6429026,2.6916952
42,Bearing2_3,0.3218558,0.8113092,2.4478076,1.6986604
42,Bearing2_4,0.33031702,0.3054355,2.68009,2.541998
42,Bearing2_5,0.28645256,0.50056094,2.486165,2.5089734
42,Bearing2_6,0.31065997,0.37697795,2.668984,2.6410112
42,Bearing2_7,0.3471534,0.21854533,2.6493514,2.6677563
42,Bearing3_3,0.34403697,0.31398383,2.6851056,2.5097752
43,Bearing1_3,0.17225645,0.16973004,2.7358549,2.6225529
43,Bearing1_4,0.14087518,0.19000484,2.7016466,2.672097
43,Bearing1_5,0.18493228,0.25972316,2.7450788,2.6162446
43,Bearing1_6,0.2429443,0.26303017,2.6673849,2.5511165
43,Bearing1_7,0.23845868,0.23437096,2.699959,2.6469536
43,Bearing2_3,0.3180607,0.31359646,2.6497734,2.5078561
43,Bearing2_4,0.2109183,0.23181766,2.6909246,2.6935782
43,Bearing2_5,0.29945377,0.4686203,2.5682716,2.5524344
43,Bearing2_6,0.20553435,0.19287361,2.7413898,2.6712189
43,Bearing2_7,0.21590295,0.13815697,2.7009966,2.6965902
43,Bearing3_3,0.18695271,0.24809614,2.7405531,2.6184256
44,Bearing1_3,0.27703676,0.16463774,2.708582,2.6312952
44,Bearing1_4,0.2521045,0.21450467,2.7195094,2.733943
44,Bearing1_5,0.27810383,0.25368217,2.701036,2.5744371
44,Bearing1_6,0.23140612,0.3237499,2.6842136,2.5183597
44,Bearing1_7,0.27163243,0.24548653,2.7094707,2.706195
44,Bearing2_3,0.30219117,0.30148992,2.5966418,2.0975237
44,Bearing2_4,0.25455305,0.3632018,2.7251892,2.6512282
44,Bearing2_5,0.27507302,0.67517346,2.678584,2.1296265
44,Bearing2_6,0.25676548,0.46858752,2.7169054,2.4288633
44,Bearing2_7,0.25279492,0.34305957,2.6993692,2.558553
44,Bearing3_3,0.23719802,0.30833554,2.7211635,2.6594641
