MAE,RMSE,MAE_per_bearing,StageAcc,MacroF1,AUC_degradation,FalseAlarm_pct,Lead_min_median,Missed_bearings,Model,Held-out
0.2805839478969574,0.3208658993244171,0.2805839478969574,0.31456241032998566,0.15952705775352433,0.5,99.86091794158554,224.83333333333334,0/1,Constant (train mean),Bearing1_1
0.0987260490655899,0.18658575415611267,0.0987260490655899,0.813845050215208,0.6505234281225244,0.977799927883377,4.3115438108484,224.83333333333334,0/1,Ridge (last snapshot),Bearing1_1
0.10263686050668425,0.17726331891696906,0.10263686050668425,0.793400286944046,0.709297212772883,0.9975913047957554,0.2086230876216968,211.33333333333334,0/1,Random Forest (last snapshot),Bearing1_1
0.1585623025894165,0.17543427646160126,0.1585623025894165,0.343974175035868,0.2960367610856749,0.8420195230000516,98.88734353268428,224.83333333333334,0/1,LSTM,Bearing1_1
0.2109754979610443,0.3437098264694214,0.2109754979610443,0.5254662840746055,0.2774278478797562,0.8653788698294955,0.0,67.83333333333331,0/1,CNN,Bearing1_1
0.20396338403224945,0.2859762907028198,0.20396338403224945,0.6847202295552367,0.4841256665199997,0.7504386236027404,1.8776077885952713,168.5,0/1,CNN + BiLSTM,Bearing1_1
0.1350068598985672,0.18408416211605072,0.1350068598985672,0.8142037302725968,0.6440437189008067,0.9988806469891309,5.84144645340751,224.83333333333334,0/1,CNN + BiLSTM + Attention (single head),Bearing1_1
0.19524137675762177,0.2546333074569702,0.19524137675762177,0.753586800573888,0.5558161315086684,0.8024370267346623,2.294853963838665,224.83333333333334,0/1,PROPOSED: CNN + BiLSTM + Attention (dual head),Bearing1_1
0.25406861305236816,0.259757936000824,0.25406861305236816,0.03387850467289719,0.021845574387947268,0.5,99.75308641975309,7.5,0/1,Constant (train mean),Bearing1_2
0.27407747507095337,0.3535839319229126,0.27407747507095337,0.2336448598130841,0.20617742512679393,0.9740203972088031,63.95061728395062,7.5,0/1,Ridge (last snapshot),Bearing1_2
0.03331149356946847,0.10995489401762701,0.03331149356946847,0.955607476635514,0.5514837819185645,0.999543746645196,0.0,7.0,0/1,Random Forest (last snapshot),Bearing1_2
0.3352699875831604,0.3849792778491974,0.3352699875831604,0.02102803738317757,0.07441510400819895,0.9583735909822866,99.38271604938271,7.5,0/1,LSTM,Bearing1_2
0.15310238301753998,0.19988548755645752,0.15310238301753998,0.4287383177570093,0.4012165247048807,0.999946323134729,48.51851851851852,7.5,0/1,CNN,Bearing1_2
0.2815929353237152,0.31572338938713074,0.2815929353237152,0.030373831775700934,0.16687214637191025,0.9888888888888889,99.38271604938271,7.5,0/1,CNN + BiLSTM,Bearing1_2
0.19844655692577362,0.24109917879104614,0.19844655692577362,0.16004672897196262,0.22612818674450677,0.9908749329039185,79.62962962962963,7.5,0/1,CNN + BiLSTM + Attention (single head),Bearing1_2
0.3112422525882721,0.3660039007663727,0.3112422525882721,0.8154205607476636,0.36766715248679177,0.9422705314009662,11.481481481481481,6.166666666666657,0/1,PROPOSED: CNN + BiLSTM + Attention (dual head),Bearing1_2
0.3031282424926758,0.3650391399860382,0.3031282424926758,0.5502232142857143,0.23662107031437485,0.5,98.52941176470588,126.49999999999999,0/1,Constant (train mean),Bearing2_1
0.256945937871933,0.30442941188812256,0.256945937871933,0.5100446428571429,0.31336325081930444,0.9910700464396285,86.76470588235294,126.49999999999999,0/1,Ridge (last snapshot),Bearing2_1
0.20940235518431857,0.2639019100698837,0.20940235518431857,0.7109375,0.6667663101975445,0.9937693498452013,0.0,126.49999999999999,0/1,Random Forest (last snapshot),Bearing2_1
0.28002557158470154,0.3367869257926941,0.28002557158470154,0.42857142857142855,0.2891466445733223,0.9999806501547989,98.52941176470588,126.49999999999999,0/1,LSTM,Bearing2_1
0.21611979603767395,0.28234952688217163,0.21611979603767395,0.6875,0.719587681246864,0.998248839009288,4.411764705882353,124.99999999999999,0/1,CNN,Bearing2_1
0.22775566577911377,0.27834513783454895,0.22775566577911377,0.640625,0.6101390797327458,1.0,58.82352941176471,126.49999999999999,0/1,CNN + BiLSTM,Bearing2_1
0.23142649233341217,0.2946559190750122,0.23142649233341217,0.6361607142857143,0.6460519841681571,1.0,41.911764705882355,126.49999999999999,0/1,CNN + BiLSTM + Attention (single head),Bearing2_1
0.2711274027824402,0.3406033515930176,0.2711274027824402,0.5859375,0.6555340410149287,0.9988099845201239,0.0,126.49999999999999,0/1,PROPOSED: CNN + BiLSTM + Attention (dual head),Bearing2_1
0.2984253466129303,0.3562668561935425,0.2984253466129303,0.5,0.2222222222222222,0.5,98.88268156424581,100.33333333333331,0/1,Constant (train mean),Bearing2_2
0.13411010801792145,0.1887410432100296,0.13411010801792145,0.7352941176470589,0.6309039044456267,0.999759118745194,1.675977653631285,100.0,0/1,Ridge (last snapshot),Bearing2_2
0.1731336563890536,0.2467961991746932,0.1731336563890536,0.6687979539641944,0.6020379879550386,0.997192806915145,0.0,86.5,0/1,Random Forest (last snapshot),Bearing2_2
0.19516856968402863,0.3001382350921631,0.19516856968402863,0.5383631713554987,0.42068079952609794,0.9555759378155776,98.32402234636871,97.0,0/1,LSTM,Bearing2_2
0.1778537780046463,0.32280993461608887,0.1778537780046463,0.7404092071611253,0.7654553508558943,0.998943828344312,0.0,96.83333333333331,0/1,CNN,Bearing2_2
0.18087133765220642,0.28653058409690857,0.18087133765220642,0.5869565217391305,0.45046129161652626,0.9550478519877336,98.88268156424581,100.33333333333331,0/1,CNN + BiLSTM,Bearing2_2
0.18307553231716156,0.2822536826133728,0.18307553231716156,0.7327365728900256,0.7589372026615443,0.9991939742627644,0.0,97.0,0/1,CNN + BiLSTM + Attention (single head),Bearing2_2
0.19518400728702545,0.2939631938934326,0.19518400728702545,0.7864450127877238,0.8115397895032315,0.9642198689976561,0.0,98.83333333333331,0/1,PROPOSED: CNN + BiLSTM + Attention (dual head),Bearing2_2
0.25380396842956543,0.2589382231235504,0.25380396842956543,0.028,0.018158236057068743,0.5,99.58071278825996,3.6666666666666714,0/1,Constant (train mean),Bearing3_1
0.03515800088644028,0.08090758323669434,0.03515800088644028,0.956,0.502660838892723,0.9599398414000546,0.41928721174004197,3.0,0/1,Ridge (last snapshot),Bearing3_1
0.025317136835065996,0.09457648611247005,0.025317136835065996,0.92,0.46122448979591835,0.9932549448546169,3.1446540880503147,3.1666666666666714,0/1,Random Forest (last snapshot),Bearing3_1
0.12822319567203522,0.12945018708705902,0.12822319567203522,0.044,0.3331175171124461,0.9559748427672955,99.37106918238993,3.0,0/1,LSTM,Bearing3_1
0.012890437617897987,0.03161444142460823,0.012890437617897987,0.992,0.9280651735012789,0.9997265518184304,0.0,2.833333333333343,0/1,CNN,Bearing3_1
0.11667018383741379,0.11802596598863602,0.11667018383741379,0.072,0.35248537404027963,0.9931637954607602,95.38784067085953,3.6666666666666714,0/1,CNN + BiLSTM,Bearing3_1
0.08846882730722427,0.09018340706825256,0.08846882730722427,0.98,0.8444269741439552,0.825904657734026,0.41928721174004197,2.6666666666666714,0/1,CNN + BiLSTM + Attention (single head),Bearing3_1
0.10533450543880463,0.11465955525636673,0.10533450543880463,0.972,0.5620192307692308,0.9507793273174734,0.0,2.333333333333343,0/1,PROPOSED: CNN + BiLSTM + Attention (dual head),Bearing3_1
0.25258564949035645,0.256003737449646,0.25258564949035645,0.020345252774352653,0.013293051359516616,0.5,99.87261146496816,8.5,0/1,Constant (train mean),Bearing3_2
0.01464865356683731,0.044224560260772705,0.01464865356683731,0.9623921085080148,0.7714522794658771,0.999032337089662,2.547770700636943,8.333333333333371,0/1,Ridge (last snapshot),Bearing3_2
0.006204059925403818,0.03710893741976515,0.006204059925403818,0.9808877928483354,0.6443670310637555,0.9340090641842234,0.0,4.166666666666686,0/1,Random Forest (last snapshot),Bearing3_2
0.12005719542503357,0.12522344291210175,0.12005719542503357,0.032675709001233046,0.21618375879746762,0.6692552670259676,97.32484076433121,6.166666666666686,0/1,LSTM,Bearing3_2
0.02397705614566803,0.045656248927116394,0.02397705614566803,0.9728729963008631,0.7241634738186461,0.8469255267025969,0.89171974522293,3.8333333333333712,0/1,CNN,Bearing3_2
0.13351349532604218,0.13717277348041534,0.13351349532604218,0.029593094944512947,0.307532281205165,0.8234811366976972,99.87261146496816,8.5,0/1,CNN + BiLSTM,Bearing3_2
0.09233194589614868,0.09656184911727905,0.09233194589614868,0.9482120838471023,0.7525146689320241,0.7508696717295443,4.2675159235668785,5.833333333333371,0/1,CNN + BiLSTM + Attention (single head),Bearing3_2
0.1688893586397171,0.21980281174182892,0.1688893586397171,0.9549938347718866,0.49837486824893995,0.9709333659970603,2.6114649681528666,8.166666666666686,0/1,PROPOSED: CNN + BiLSTM + Attention (dual head),Bearing3_2
