bearing,set,condition,rpm,load_N,acc_files,temp_files,lifetime_min,rows/file,cols,delimiter,NaN,Inf,peak_g,snapshots>20g,first>20g_at_%life,irregular_clock_steps,trunc_files,official_RUL_s,implied_RUL_s,RUL_consistent
Bearing1_1,learning,1,1800,4000,2803,466,467.0,2560-2560,6,",",0,0,48.1,46,46.3,3,,,,
Bearing1_2,learning,1,1800,4000,871,144,145.0,2560-2560,6,",",0,0,36.7,63,14.6,0,,,,
Bearing2_1,learning,2,1650,4200,911,151,151.7,2560-2560,6,",",0,0,25.2,4,93.4,0,,,,
Bearing2_2,learning,2,1650,4200,797,0,132.7,2560-2560,6,",",0,0,38.1,5,99.1,0,,,,
Bearing3_1,learning,3,1500,5000,515,89,85.7,2560-2560,6,",",0,0,41.3,1,95.7,0,,,,
Bearing3_2,learning,3,1500,5000,1637,0,272.7,2560-2560,6,",",0,0,23.7,1,99.8,0,,,,
Bearing1_3,test,1,1800,4000,2375,0,395.7,2560-2560,6,",",0,0,48.1,394,68.9,0,1802.0,5730.0,5730.0,1.0
Bearing1_4,test,1,1800,4000,1428,237,237.8,2560-2560,6,;,0,0,48.1,291,78.8,0,1139.0,339.0,2890.0,0.0
Bearing1_5,test,1,1800,4000,2463,410,410.3,2560-2560,6,",",0,0,14.1,0,,0,2302.0,1610.0,1610.0,1.0
Bearing1_6,test,1,1800,4000,2448,408,407.8,2560-2560,6,",",0,0,20.2,1,75.7,0,2302.0,1460.0,1460.0,1.0
Bearing1_7,test,1,1800,4000,2259,376,376.3,2560-2560,6,",",0,0,28.4,2,98.7,0,1502.0,7570.0,7570.0,1.0
Bearing2_3,test,2,1650,4200,1955,0,325.7,2560-2560,6,",",0,0,48.1,51,13.6,0,1202.0,7530.0,7530.0,1.0
Bearing2_4,test,2,1650,4200,751,125,125.0,2560-2560,6,",",0,0,8.8,0,,0,612.0,1390.0,1390.0,1.0
Bearing2_5,test,2,1650,4200,2311,386,385.0,2560-2560,6,",",0,0,26.9,6,99.6,0,2002.0,3090.0,3090.0,1.0
Bearing2_6,test,2,1650,4200,701,116,116.7,2560-2560,6,",",0,0,11.5,0,,0,572.0,1290.0,1290.0,1.0
Bearing2_7,test,2,1650,4200,230,38,38.2,2560-2560,6,",",0,0,38.9,5,70.4,0,172.0,580.0,580.0,1.0
Bearing3_3,test,3,1500,5000,434,72,72.2,2560-2560,6,",",0,0,16.0,0,,0,352.0,820.0,820.0,1.0
