bearing,windows,MAE_min,RMSE_min,MAE_min_per_bearing_mean,MAE_min_Normal,MAE_min_Warning,MAE_min_Critical,MAE_min_actionable,stage_acc,stage_macroF1,stage_recall_Normal,stage_precision_Normal,stage_recall_Warning,stage_precision_Warning,stage_recall_Critical,stage_precision_Critical,false_alarm_rate,detected_bearings,n_bearings,lead_min_median,alarm_at_end_bearings,lead_sustained_min_median,AUC_h10,AUC_h60
Bearing1_3,2360,5.950041945724838,10.863393080508565,5.950041945724838,3.8088565779980645,23.635715527004663,6.244817900920373,17.8066334972091,0.940677966101695,0.8442563459405634,0.9909954977488744,0.9501199040767386,0.5041666666666667,0.852112676056338,0.9752066115702479,0.8872180451127819,0.006003001500750375,1,1,60.0,1,19.666666666666668,0.9942597993425509,0.9906407497377498
Bearing1_4,1157,13.359423480003652,15.193774567178659,13.35942348000365,13.110437489074426,15.361480283737183,11.008991828958191,13.910650798810853,0.8902333621434745,0.8284503972174084,1.0,0.8934977578475336,0.6041666666666666,0.8192090395480226,0.7333333333333333,1.0,0.0,1,1,47.81666666666667,1,41.31666666666667,0.9891522333637192,0.9991217063989963
Bearing1_5,2448,14.59232603578396,27.835324274270555,14.59232603578396,6.92483725286562,57.37367666562398,61.985094124949015,58.91933182512073,0.869281045751634,0.5034221561259947,0.9956875898418783,0.8712788259958071,0.020833333333333332,0.2777777777777778,0.371900826446281,1.0,0.0014374700527072352,1,1,38.833333333333336,1,7.666666666666667,0.9125316777352738,0.7413469744772745
Bearing1_6,2433,33.582389866657365,39.429413332128945,33.582389866657365,35.41293472703666,21.470632727940878,26.259520135963587,23.07577227467425,0.8479243732018085,0.5826715844222323,0.9044401544401545,0.9595494111623144,0.6791666666666667,0.3622222222222222,0.21487603305785125,0.8666666666666667,0.0859073359073359,1,1,50.333333333333336,1,4.166666666666667,0.9584842285682691,0.8593099926202419
Bearing1_7,2244,42.19641915847345,60.17445949938245,42.19641915847345,43.501442535975734,32.812767685121955,40.49986819787459,35.38933046086453,0.5409982174688057,0.3853957404914982,0.5852363250132767,0.9190992493744787,0.2625,0.5121951219512195,0.4049586776859504,0.05314533622559653,0.40998406797663306,1,1,60.0,1,8.0,0.9006706067000594,0.7263266756207678
Bearing2_3,1940,25.392355783534622,42.35406512325914,25.392355783534622,11.683175810334147,75.41640558242798,105.0702336839408,85.35577732836441,0.7896907216494845,0.2941628264208909,0.9702343255224826,0.809297411516112,0.0,0.0,0.0,0.0,0.0253324889170361,0,1,,0,,0.6497090360236959,0.6975048200147714
Bearing2_4,736,49.72185640231423,62.70344897636877,49.72185640231423,16.64714569091797,75.85795227686565,100.38593497158082,84.07924287537128,0.5095108695652174,0.22706630336058128,1.0,0.5165289256198347,0.0,0.0,0.0,0.0,0.0,1,1,1.1666666666666667,1,1.1666666666666667,0.4432544019429266,0.09632502308402585
Bearing2_5,2296,13.938400677826069,28.266249560358855,13.938400677826069,5.573753860959917,51.33507570690579,73.52839723697379,58.773834446900885,0.8497386759581882,0.35911578434786545,0.9968992248062015,0.8554323725055433,0.09166666666666666,0.5365853658536586,0.0,0.0,0.0020671834625322996,1,1,48.166666666666664,1,0.3333333333333333,0.8365496754318406,0.9620104933897371
Bearing2_6,686,19.543208697562775,23.944331869481946,19.54320869756278,23.361100714267828,12.787254281838734,22.68878022107211,16.10604829471197,0.739067055393586,0.6342020499504794,1.0,0.8004926108374384,0.625,0.6493506493506493,0.2644628099173554,0.6530612244897959,0.0,1,1,53.166666666666664,1,6.5,0.8774557377049181,0.9910334540805454
Bearing2_7,215,99.5458446650542,99.951944937409,99.5458446650542,,90.5261813765722,106.55285581478402,99.5458446650542,0.0,0.0,0.0,0.0,0.0,0.0,0.0,0.0,,0,1,,0,,0.8789652969980839,
Bearing3_3,419,22.286592164491033,27.48660178523966,22.286592164491033,49.301415498229275,15.962333337465923,21.88132245481507,17.946260437740843,0.4295942720763723,0.4659036207552236,1.0,0.5087719298245614,0.31666666666666665,0.5033112582781457,0.38016528925619836,0.2987012987012987,0.0,1,1,52.333333333333336,1,44.166666666666664,0.4979393717373386,1.0
