model,detection AUC LOBO,detection AUC test,actionable MAE LOBO (min),actionable MAE test (min),overall MAE test (min),false-alarm rate test,PHM-2012 score test,stability: std of test AUC over seeds,stability: std of LOBO AUC over folds,generalisation gap AUC (LOBO - test),parameters,fit+predict s (LOBO median),interpretability
Constant,0.5,0.5,53.37313930354971,56.35371656017183,35.62273112832763,0.0,0.12381602548137663,,0.0,0.0,,0.009719491004943848,trivial
Ridge,0.6148826956491678,0.6396717535613945,31.075770377599117,45.21602911262499,39.06648304388751,0.198060449836645,0.03984492265320582,,0.19783564859348013,-0.024789057912226742,,0.4071460962295532,coefficients
Random Forest,0.7174794234276547,0.6956725787937611,38.90224531008136,32.713067375405,32.64003345346918,0.29559897205961655,0.07835119139066143,0.002367433479611249,0.15904954541674426,0.021806844633893596,,13.370667695999146,importances
Gradient Boosting,0.7246469938580823,0.7246167714835606,39.679653380095864,32.650884067335525,30.14616743608484,0.2365489442473024,0.03660158998268568,0.0,0.09084461107745788,3.02223745216601e-05,,4.314951539039612,importances
CNN,0.802572416809277,0.7316323479003858,28.946297305982956,42.57508530127528,27.805773940278822,0.1455823938565264,0.18119402345997404,0.031672602178279184,0.1716920662996155,0.07094006890889126,25729.0,7.66225004196167,black box
LSTM,0.886306578585384,0.7276506718143381,27.97799279529082,36.778759475120246,32.32444800125646,0.20824385062197,0.1434355835444728,0.010582280087839806,0.10414672734534222,0.1586559067710459,31617.0,8.162054181098938,black box
CNN + LSTM,0.8523252693196386,0.7151948593369953,24.15035380451963,42.0546930941446,30.610315064094532,0.18240272487762407,0.22056988269623723,0.008540657197716822,0.12808456504603485,0.13713040998264325,58753.0,17.088252902030945,black box
CNN + BiLSTM,0.8726856490830105,0.7248482323478792,28.407148427965456,40.09226133065815,34.20508927304425,0.22471500251302334,0.10554494108106054,0.05474142288734961,0.11626124776769978,0.1478374167351313,95873.0,19.82974350452423,black box
CNN + BiLSTM + Attention (single head),0.8304200015007782,0.7151805875593231,23.340122540085527,41.183656821438035,32.335529925039445,0.2016280348454156,0.1791505863545277,0.034391530981981756,0.14866163397206625,0.1152394139414551,112513.0,28.627503633499146,black box
"CNN + BiLSTM (dual head, no attention)",0.8267230972102567,0.7475529791927702,31.325569914896402,34.109643769157884,35.04742467687352,0.27738126398099433,0.09262483519552228,0.02602664937649765,0.12579223871409256,0.07917011801748652,98052.0,20.90374231338501,black box
PROPOSED: CNN + BiLSTM + Attention (dual head),0.8473406787759816,0.748802103922466,28.752391168826474,38.07181855843877,29.59217072079041,0.17231604307447337,0.14621442116433,0.01680861624995216,0.11795920910028136,0.09853857485351558,114692.0,22.074852228164673,attention + permutation
