model,seed,MAE_min,RMSE_min,MAE_min_per_bearing_mean,MAE_min_Normal,MAE_min_Warning,MAE_min_Critical,MAE_min_actionable,AUC_h5,AUC_h10,AUC_h20,AUC_h30,AUC_h60,AUC_detect,AUC_mean_h,stage_acc,stage_macroF1,stage_recall_Normal,stage_precision_Normal,stage_recall_Warning,stage_precision_Warning,stage_recall_Critical,stage_precision_Critical,false_alarm_rate,detected_bearings,n_bearings,lead_min_median,alarm_at_end_bearings,lead_sustained_min_median,native_acc,native_macroF1,native_recall_Normal,native_precision_Normal,native_recall_Warning,native_precision_Warning,native_recall_Critical,native_precision_Critical,native_false_alarm_rate,native_detected_bearings,native_n_bearings,native_lead_min_median,native_alarm_at_end_bearings,native_lead_sustained_min_median,native_AUC_detect,PHM_official
Constant,42,35.62273112832763,39.11738788433959,39.38108384669918,29.57579838299031,46.052773620687496,75.66992083917478,56.35371656017183,0.5,0.5,0.5,0.5,0.5,0.5,0.5,0.7741821188142199,0.29090667021701505,1.0,0.7741821188142199,0.0,0.0,0.0,0.0,0.0,0,11,,0,,0.7741821188142199,0.29090667021701505,1.0,0.7741821188142199,0.0,0.0,0.0,0.0,0.0,0.0,11.0,,0.0,,0.5,0.12381602548137663
Ridge,42,39.06648304388751,47.91391911928375,41.507564904793725,37.27274817227408,41.896914183701526,51.439993498140105,45.21602911262499,0.687409871746698,0.6641206473779651,0.642586993309986,0.6192399867377574,0.5850012686345663,0.5850012686345663,0.6396717535613945,0.6283217196173378,0.422095163274596,0.7393592677345537,0.808491116857119,0.2570168404170008,0.1503635937133474,0.23007518796992482,0.44868035190615835,0.198060449836645,8,11,35.0,7,44.5,0.6569623243179402,0.4172932874478834,0.7757437070938215,0.8293916163757952,0.19406575781876503,0.297480024585126,0.35413533834586464,0.15467980295566502,0.19346295802110614,8.0,11.0,59.99166666666667,6.0,30.583333333333332,0.6949009766890393,0.03984492265320582
Random Forest,42,32.65591172343576,47.095376156455394,37.17146350478168,32.616236967663724,27.90588028770085,41.95419326395781,32.79193056448479,0.6699386383455395,0.6544172735682141,0.6819253256828305,0.7068452709209861,0.7678126865052389,0.7678126865052389,0.6961878390045618,0.6145624188024094,0.4263515095675534,0.691304347826087,0.8925546582627536,0.33319967923015237,0.2354774723717767,0.38571428571428573,0.1577976007382344,0.2968586138184564,11,11,60.0,10,1.25,0.6827093421518838,0.392294671103292,0.821815408085431,0.8657987785278045,0.04851643945469126,0.19803600654664485,0.5007518796992482,0.1716937354988399,0.11708853357299284,9.0,11.0,59.666666666666664,8.0,5.166666666666666,0.7666309913062627,0.08095447969628608
Random Forest,43,32.53166634094082,46.93313089646208,37.03805265033787,32.52059275008227,27.681806622170857,41.73521890843549,32.56963045604428,0.6711877609908613,0.6562368769776303,0.6834845219945531,0.7079413058332346,0.7698492738463404,0.7698492738463404,0.6977399479285239,0.6169245305302941,0.42826934657292887,0.6936689549961861,0.8923560003925032,0.3384121892542101,0.24059293044469784,0.3827067669172932,0.15734157650695518,0.29591526560383696,11,11,60.0,9,1.3333333333333333,0.6744419511042873,0.3934790387179032,0.8083905415713196,0.8709014709507765,0.06054530874097835,0.25989672977624784,0.5052631578947369,0.16061185468451242,0.1416479749025377,9.0,11.0,60.0,8.0,4.75,0.7755791436477313,0.081060020546703
Random Forest,44,32.73252229603096,47.193936276127396,37.239768194776545,32.71936178282573,27.875936217326757,41.96925914445865,32.777641105685916,0.6640701990088551,0.6513327209256227,0.6793485090578278,0.703589783768952,0.7671085344797322,0.7671085344797322,0.6930899494481979,0.6165702137711113,0.427751159767779,0.6935926773455378,0.8922578745952311,0.3356054530874098,0.23893805309734514,0.38421052631578945,0.15771604938271605,0.2940230367565563,11,11,60.0,10,1.25,0.686311562536908,0.40204554622721417,0.8231121281464531,0.86667737531122,0.06335204490777867,0.23201174743024963,0.5060150375939849,0.17701209889531824,0.12119415571407557,9.0,11.0,58.833333333333336,8.0,7.0,0.7775474022513077,0.07303907392899521
Gradient Boosting,42,30.146167436084845,42.797672823600784,35.180785571841795,29.415577321828355,27.267727381567187,42.74531472470862,32.650884067335525,0.7155639175038462,0.6938741180961889,0.7093651521780612,0.726446707574274,0.7778339620654329,0.7778339620654329,0.7246167714835606,0.6515885201370025,0.4705581389665428,0.7221205186880244,0.8671796281029587,0.5064153969526864,0.23722764838467317,0.22857142857142856,0.43867243867243866,0.2365489442473024,11,11,60.0,10,1.0833333333333335,0.6221211763316404,0.35709530862628863,0.747673531655225,0.8498352696375931,0.030874097834803528,0.07019143117593436,0.4932330827067669,0.15245177782942135,0.1550619118378097,9.0,11.0,59.833333333333336,8.0,1.25,0.7206396072498875,0.03660158998268568
Gradient Boosting,43,30.146167436084845,42.797672823600784,35.180785571841795,29.415577321828355,27.267727381567187,42.74531472470862,32.650884067335525,0.7155639175038462,0.6938741180961889,0.7093651521780612,0.726446707574274,0.7778339620654329,0.7778339620654329,0.7246167714835606,0.6515885201370025,0.4705581389665428,0.7221205186880244,0.8671796281029587,0.5064153969526864,0.23722764838467317,0.22857142857142856,0.43867243867243866,0.2365489442473024,11,11,60.0,10,1.0833333333333335,0.6221211763316404,0.35709530862628863,0.747673531655225,0.8498352696375931,0.030874097834803528,0.07019143117593436,0.4932330827067669,0.15245177782942135,0.1550619118378097,9.0,11.0,59.833333333333336,8.0,1.25,0.7206396072498875,0.03660158998268568
Gradient Boosting,44,30.146167436084845,42.797672823600784,35.180785571841795,29.415577321828355,27.267727381567187,42.74531472470862,32.650884067335525,0.7155639175038462,0.6938741180961889,0.7093651521780612,0.726446707574274,0.7778339620654329,0.7778339620654329,0.7246167714835606,0.6515885201370025,0.4705581389665428,0.7221205186880244,0.8671796281029587,0.5064153969526864,0.23722764838467317,0.22857142857142856,0.43867243867243866,0.2365489442473024,11,11,60.0,10,1.0833333333333335,0.6221211763316404,0.35709530862628863,0.747673531655225,0.8498352696375931,0.030874097834803528,0.07019143117593436,0.4932330827067669,0.15245177782942135,0.1550619118378097,9.0,11.0,59.833333333333336,8.0,1.25,0.7206396072498875,0.03660158998268568
cnn,42,27.40446386651418,40.78096215450528,32.196867665379045,23.35718476195327,36.72009360092395,49.83051537266128,41.27994217739117,0.8403475033498996,0.7856503880009691,0.7444429855078609,0.7290208907223483,0.719383010749085,0.719383010749085,0.7637689556660325,0.6882012519192158,0.44996278773371295,0.8064836003051106,0.8297755454402762,0.3528468323977546,0.22138364779874214,0.1511278195488722,0.9262672811059908,0.1379203701279484,11,11,48.0,11,7.833333333333333,,,,,,,,,,,,,,,,0.17787226078892326
cnn,43,28.824916791727233,44.715884917146894,34.925078068389944,24.03897321133646,42.83304287521191,49.73277685692435,45.232793449395366,0.7938898007075554,0.7277826772433944,0.6727007052365599,0.6532803202307038,0.6545719814476157,0.6545719814476157,0.7004450969731659,0.6836541868430377,0.43722356626453357,0.7996186117467582,0.8397148349887856,0.33360064153969526,0.27065712426805466,0.19699248120300752,0.19040697674418605,0.14077288181826658,10,11,50.916666666666664,10,9.916666666666666,,,,,,,,,,,,,,,,0.20504891012229154
cnn,44,27.187941162595056,43.395888836987744,32.34037967283344,23.09717148039561,38.97296898864036,45.412099911074584,41.2125202770393,0.793283362519408,0.7409065714222787,0.7099427946950174,0.7014398309803838,0.7078423956927065,0.7078423956927065,0.7306829910619589,0.6946970591708987,0.47373025479172126,0.7952707856598017,0.8669549309828705,0.37570168404170007,0.29793322734499206,0.3015037593984962,0.2274532047646058,0.15805392962336431,9,11,60.0,9,45.333333333333336,,,,,,,,,,,,,,,,0.16066089946870732
lstm,42,32.89759039225894,46.7998384583736,35.1684435194823,32.238344814587634,33.5673205721732,38.139998252834,35.157713175541105,0.7961990159448136,0.7346643718201907,0.7078683073358865,0.6956255111209151,0.7146546441599724,0.7146546441599724,0.7298023700763556,0.6592063304594308,0.4753535137602776,0.7361556064073227,0.8763279760283301,0.37610264635124296,0.25392528424472116,0.43157894736842106,0.2577458464301751,0.2174881261358444,11,11,59.983333333333334,11,19.833333333333332,,,,,,,,,,,,,,,,0.11914975536111451
lstm,43,32.631037786723944,47.69452061234946,36.3905526299527,31.92700736124401,34.303362463082074,36.43484315153949,35.04469858119096,0.7933269643882622,0.7449188666847759,0.7121774010134282,0.7037952072998828,0.7307402921529766,0.7307402921529766,0.7369917463078652,0.6411952285343097,0.4521306197005592,0.7187643020594966,0.8938531587933979,0.32999198075380914,0.25872367180132033,0.46015037593984964,0.19059483027094362,0.2245435790148326,11,11,59.983333333333334,11,20.166666666666668,,,,,,,,,,,,,,,,0.16597938379329547
lstm,44,31.444715824786485,48.18972339721446,35.35556681416025,28.910214464996045,39.48629773488437,41.34818014288307,40.133866668628684,0.7866712100050337,0.7371604532673574,0.692428271717489,0.6807090693026159,0.6838204910014714,0.6838204910014714,0.7161578990587935,0.633872682177867,0.421339622515777,0.7365369946605644,0.8558766176209892,0.2157177225340818,0.17106518282988872,0.40601503759398494,0.2153968887116075,0.18269984671523298,9,11,59.333333333333336,9,18.333333333333332,,,,,,,,,,,,,,,,0.1451776114790084
cnn_lstm,42,27.12713912543685,42.85451820145376,33.031814510308415,23.08749583581614,37.04617039321802,48.34643201647546,40.97643921093046,0.7734054300278627,0.7166666054870752,0.7046753965148709,0.6910881192633402,0.736389306447855,0.736389306447855,0.7244449715482009,0.6935160033069564,0.4932373818244842,0.7858886346300534,0.8648535213632167,0.38893344025661586,0.2744765138653084,0.35413533834586464,0.31674512441156694,0.14554832458600955,11,11,59.65,11,2.5,,,,,,,,,,,,,,,,0.24972425144564872
cnn_lstm,43,29.829087575921527,46.640612022871885,35.81366478453243,25.750507205569832,43.649010856340865,44.117283060090585,43.81187749624335,0.7881488879751007,0.7297374569601573,0.684096689108056,0.6648889522559263,0.6711704490328059,0.6711704490328059,0.7076084870664092,0.6472776662336128,0.41083343814700773,0.7672768878718536,0.8413348946135831,0.13953488372093023,0.13970293054997993,0.41654135338345866,0.22275834338560516,0.1510167960718826,10,11,52.08333333333333,10,10.908333333333333,,,,,,,,,,,,,,,,0.19727929435966066
cnn_lstm,44,34.87471849092522,51.44981022016772,38.902302072375655,32.97845666190185,41.810394550892994,40.56074592320842,41.37576257526002,0.7690853001439215,0.7111854952977366,0.6872380660058246,0.6830001519912194,0.7171465835431766,0.7171465835431766,0.7135311193963758,0.5761190504310854,0.3640710793097848,0.6765064836003051,0.8620723172628305,0.09262229350441059,0.08963911525029103,0.4932330827067669,0.16121897272057018,0.25064305397498005,9,11,59.983333333333334,9,50.666666666666664,,,,,,,,,,,,,,,,0.21470610228340226
cnn_bilstm,42,30.568143511151927,45.99159545990343,36.00699110885204,25.883541940708003,44.18384917640839,51.21292295428744,46.62858456463515,0.7802232734723393,0.7081746793577612,0.6689664111573475,0.6493355259972238,0.6471855461830854,0.6471855461830854,0.6907770872335515,0.661332231014527,0.4505023740830967,0.7726163234172387,0.8229606759831004,0.27626303127506013,0.18887061403508773,0.2864661654135338,0.3895705521472393,0.14486545861873132,10,11,42.66666666666667,10,5.666666666666667,,,,,,,,,,,,,,,,0.11975332450567434
cnn_bilstm,43,34.906228106193225,49.55402426442257,37.652529196463156,35.68708476540517,33.566718365794934,29.7210450161818,32.2291803022527,0.8572722954434275,0.8067147660614782,0.7603926263364127,0.7491902096133773,0.7663914866641772,0.7663914866641772,0.7879922768237746,0.5814928546120232,0.41117466869237224,0.6536994660564455,0.8832319901061527,0.227345629510826,0.14519846350832266,0.5338345864661654,0.21346963319302464,0.25200749309165016,11,11,60.0,10,17.90833333333333,,,,,,,,,,,,,,,,0.07523092751082898
cnn_bilstm,44,37.1408962017876,53.21413125766711,39.68270008813515,35.89302876786727,41.39580095702077,41.46255755452733,41.4190191250866,0.7520545165155371,0.6957380002349296,0.6676869532200149,0.6683836070071987,0.6950135879538759,0.6950135879538759,0.6957753329863113,0.5578717373331759,0.36880543067907506,0.6435545385202136,0.8646238983398238,0.19526864474739375,0.1501233045622688,0.39323308270676693,0.13301119023397762,0.2772720558286885,9,11,60.0,9,17.666666666666668,,,,,,,,,,,,,,,,0.1216505712266783
cnn_bilstm_attn,42,27.6108743766242,42.415578528195155,32.55861859151497,22.117829472560963,44.49754521810444,50.090920702652234,46.442939934225926,0.8415757998993258,0.7733771501567421,0.7210561009033735,0.7026445127134602,0.7341703030201482,0.7341703030201482,0.7545647733386099,0.7011928664225818,0.46591196010303015,0.8202135774218154,0.8473601260835303,0.27906976744186046,0.2570162481536189,0.31954887218045114,0.2766927083333333,0.12158978493978059,10,11,52.583333333333336,9,4.5,,,,,,,,,,,,,,,,0.15884914779194081
cnn_bilstm_attn,43,37.85145273396975,53.098445416035354,39.66293029397764,37.94547592445576,37.134861058788616,38.26839680211287,37.529108584578694,0.7542827315330134,0.6948222794047472,0.6576485834555628,0.658520116643173,0.6901223135266765,0.6901223135266765,0.6910792049126346,0.5589937404039211,0.3751174472495952,0.6393592677345538,0.8745826377295493,0.17722534081796312,0.14882154882154883,0.48270676691729325,0.14657534246575343,0.2561269903696533,10,11,59.99166666666667,9,52.0,,,,,,,,,,,,,,,,0.20482917099769332
cnn_bilstm_attn,44,31.544262664524393,46.39525695855211,35.63272905022625,29.20066715800365,36.37397809690156,45.58879409470355,39.57892194550947,0.7638245396989698,0.7111140987144944,0.672281085628709,0.6591402206428287,0.6931289774486242,0.6931289774486242,0.6998977844267251,0.6362347939057518,0.45692591244391756,0.7131197559115179,0.8607070521082674,0.3660785886126704,0.21899736147757257,0.3849624060150376,0.26904887020493956,0.2271673292268129,9,11,60.0,9,18.666666666666668,,,,,,,,,,,,,,,,0.173773440273949
cnn_bilstm_dual,42,35.312761779414316,50.05564688571857,39.85428954547869,33.700063565399944,41.43587861989023,39.727363422708706,40.84165131543117,0.7511531453608321,0.7231554812019587,0.7072600913974247,0.7008759839077615,0.7255382421512213,0.7255382421512213,0.7215965888038396,0.6110192512105823,0.3869783599215018,0.7184591914569032,0.8670717113136335,0.1635926222935044,0.1663269465960049,0.39097744360902253,0.14372581536760642,0.221408247476271,10,11,58.41666666666667,8,54.66666666666667,0.5364355734026219,0.3465918277629066,0.6157894736842106,0.8734177215189873,0.08259823576583801,0.13121019108280255,0.6052631578947368,0.1315144584218265,0.3058684041415238,10.0,11.0,59.74166666666667,8.0,35.0,0.7330675484075844,0.058136630543846296
cnn_bilstm_dual,43,38.149862049055926,53.132344534254386,39.54821780467906,39.95146695396114,32.72865707703499,30.55696347530623,31.97333477308644,0.7563662273394351,0.7250008718091783,0.7190398451910345,0.7385586423821463,0.7980995415362128,0.7980995415362128,0.7474130256516014,0.5237392228652415,0.36080696847165,0.5903127383676583,0.9141270966217813,0.1623897353648757,0.11647972389991372,0.5451127819548872,0.1452614706471649,0.33083814773205955,10,11,60.0,9,17.0,0.49875989134286053,0.3496444937917067,0.5510297482837528,0.9154733240400457,0.13833199679230151,0.14291632145816072,0.6593984962406015,0.13229748076632977,0.3642954367349598,10.0,11.0,60.0,8.0,12.666666666666668,0.7841996451812632,0.10262597856346777
cnn_bilstm_dual,44,31.679650202150313,45.0813247373736,35.73588781021906,32.31135545430401,26.757584282434802,34.68264008789134,29.51394521895604,0.812507355599827,0.774943974789114,0.7496411658471994,0.7480521921707036,0.7831019272075039,0.7831019272075039,0.7736493231228696,0.5947797330813748,0.4493123360838666,0.6427154843630816,0.8898510930404477,0.44266238973536487,0.20282932206503768,0.4075187969924812,0.26805143422354105,0.2798973967346526,10,11,60.0,9,14.65,0.4977559938585095,0.3375681565299178,0.560183066361556,0.8869565217391304,0.11106655974338413,0.1181740614334471,0.6075187969924812,0.12805071315372424,0.34113243744928096,10.0,11.0,60.0,8.0,16.991666666666667,0.7559436726252597,0.1171118964792528
proposed,42,23.834994071451007,38.74158566601895,30.91898717067511,17.828477739527603,40.17347699574244,52.40435700252839,44.427418002286714,0.8011088345185007,0.7588917194646542,0.7127231209271578,0.7014746847190986,0.7366894402528971,0.7366894402528971,0.7421775599764616,0.7794968702019606,0.520788566312628,0.9192219679633867,0.8532889612688522,0.2987169206094627,0.5359712230215827,0.3037593984962406,0.28430682617874736,0.053073154781699494,9,11,50.333333333333336,9,7.666666666666667,0.7199716546592654,0.42664465701845306,0.8704042715484364,0.8460112692763938,0.08620689655172414,0.2198364008179959,0.4255639097744361,0.2293354943273906,0.08301841239133192,9.0,11.0,51.666666666666664,9.0,7.833333333333333,0.7565566365545481,0.09650518140267672
proposed,43,30.649434147182024,45.35991621181115,36.52026787843632,28.587097233348665,37.016272386998544,39.03916525263536,37.71984129685654,0.8085555374373445,0.7822507910521177,0.7505945554735338,0.7375538358279621,0.7606133848127686,0.7606133848127686,0.7679136209207453,0.6410180701547183,0.44353707383920593,0.7338672768878719,0.8587878246898152,0.24017642341619888,0.18736315295589615,0.4774436090225564,0.2505919494869771,0.19720345109145654,10,11,60.0,8,16.325,0.5765914727766623,0.3680619288532612,0.6691075514874142,0.8690311075886665,0.09703287890938252,0.13504464285714285,0.5639097744360902,0.14857369255150554,0.2506163345196327,10.0,11.0,60.0,8.0,11.075,0.7580485089155489,0.24792064222015345
proposed,44,34.292083943738206,48.23655860915937,38.40043858711695,34.94076022584112,28.775672322828736,38.24229787169244,32.06819637617306,0.7750054945444491,0.7347019513842494,0.7140338027843256,0.7089268276607879,0.7489075779771422,0.7489075779771422,0.7363151308701907,0.591413723869139,0.44062439674089043,0.6393592677345538,0.888865323435843,0.4450681635926223,0.21179164281625643,0.39323308270676693,0.23110914714980116,0.26667152335026406,10,11,60.0,8,29.75,0.49108302822723515,0.33732414177318076,0.5469107551487414,0.8991723100075244,0.10866078588612671,0.14019658561821002,0.6578947368421053,0.12451970969119112,0.34170039520176515,10.0,11.0,60.0,8.0,37.0,0.7489026410737596,0.09421743987015989
