model,seed,fold,MAE_min,RMSE_min,MAE_min_per_bearing_mean,MAE_min_Normal,MAE_min_Warning,MAE_min_Critical,MAE_min_actionable,AUC_h5,AUC_h10,AUC_h20,AUC_h30,AUC_h60,AUC_detect,AUC_mean_h,stage_acc,stage_macroF1,stage_recall_Normal,stage_precision_Normal,stage_recall_Warning,stage_precision_Warning,stage_recall_Critical,stage_precision_Critical,false_alarm_rate,detected_bearings,n_bearings,lead_min_median,alarm_at_end_bearings,lead_sustained_min_median,native_acc,native_macroF1,native_recall_Normal,native_precision_Normal,native_recall_Warning,native_precision_Warning,native_recall_Critical,native_precision_Critical,native_false_alarm_rate,native_detected_bearings,native_n_bearings,native_lead_min_median,native_alarm_at_end_bearings,native_lead_sustained_min_median,native_AUC_detect
Constant,42,0,41.25816154446373,42.89243501433403,41.258161544463746,40.62284550994297,35.446052631578944,65.52938596491228,45.52938596491227,0.5,0.5,0.5,0.5,0.5,0.5,0.5,0.8705164992826399,0.3102588686481304,1.0,0.8705164992826399,0.0,0.0,0.0,0.0,0.0,0,1,,0,,0.8705164992826399,0.3102588686481304,1.0,0.8705164992826399,0.0,0.0,0.0,0.0,0.0,0.0,1.0,,0.0,,0.5
Ridge,42,0,68.21223259160303,80.02049351286811,68.21223259160303,73.89604633926216,40.083333333333336,10.0,30.0,0.7540805223068553,0.7568756875687569,0.7626546681664792,0.7686996547756042,0.788627935723115,0.788627935723115,0.7661876937081621,0.34110473457675755,0.22117254355510418,0.34198599093531107,1.0,0.0,0.0,1.0,0.08333333333333333,0.646477132262052,1,1,60.0,1,120.0,0.5505738880918221,0.4203931346770542,0.5508858673259168,1.0,0.825,0.4133611691022965,0.0,0.0,0.4334569427276473,1.0,1.0,60.0,1.0,120.0,0.9951275299692861
Random Forest,42,0,51.37270101982419,60.14528758542566,51.37270101982419,51.93105456786567,38.112913740096694,66.4737331358401,47.618894756398504,0.45849275158833236,0.4757464817520003,0.3637479199397596,0.3972983912839847,0.5069594485856825,0.5069594485856825,0.44044899862995185,0.5157819225251076,0.23189808095468475,0.5925010300782859,0.8424135910954892,0.0,0.0,0.0,0.0,0.38854552946023896,1,1,45.5,0,,0.7528694404591105,0.3657191953231202,0.8302430984754842,0.9655007187350264,0.0,0.0,0.6942148760330579,0.11982881597717546,0.12814173877214668,1.0,1.0,54.5,1.0,9.333333333333334,0.8830253370724318
Random Forest,43,0,50.99139937527026,59.91925715931306,50.99139937527026,51.42967179470922,38.58874226065604,66.8009080160062,48.04489754153518,0.4614997601413411,0.4927170312659681,0.3680335412618877,0.39690209317455977,0.5042224649516577,0.5042224649516577,0.4446749781590829,0.5190100430416069,0.23301127214170692,0.596209311907705,0.8447168709865732,0.0,0.0,0.0,0.0,0.3831891223733004,1,1,45.5,0,,0.7338593974175036,0.34529072460106947,0.8162340337865678,0.9446828803051979,0.0,0.0,0.5371900826446281,0.09406657018813314,0.15327564894932014,1.0,1.0,53.5,1.0,6.0,0.863251258065142
Gradient Boosting,42,0,39.5098256860791,50.95388233303812,39.5098256860791,38.588823582300606,33.7250322900883,69.4571192473039,45.70171517602483,0.7950554014999942,0.7372780993946388,0.5758629344885609,0.6296583571218161,0.7539853472077174,0.7539853472077174,0.6983680279425455,0.7076757532281205,0.28406690893321407,0.8125257519571487,0.8799643016510487,0.004166666666666667,0.029411764705882353,0.0,0.0,0.18046971569839307,1,1,45.5,0,,0.8081061692969871,0.30553295362082994,0.9283065512978986,0.905182804339092,0.0,0.0,0.0,0.0,0.05150391429748661,1.0,1.0,46.5,0.0,,0.6940479166167322
Gradient Boosting,43,0,39.5098256860791,50.95388233303812,39.5098256860791,38.588823582300606,33.7250322900883,69.4571192473039,45.70171517602483,0.7950554014999942,0.7372780993946388,0.5758629344885609,0.6296583571218161,0.7539853472077174,0.7539853472077174,0.6983680279425455,0.7076757532281205,0.28406690893321407,0.8125257519571487,0.8799643016510487,0.004166666666666667,0.029411764705882353,0.0,0.0,0.18046971569839307,1,1,45.5,0,,0.8081061692969871,0.30553295362082994,0.9283065512978986,0.905182804339092,0.0,0.0,0.0,0.0,0.05150391429748661,1.0,1.0,46.5,0.0,,0.6940479166167322
Constant,42,1,36.425973055039265,43.891194168281466,36.425973055039265,19.00660540755411,50.22792223003044,80.31125556336377,60.31125556336378,0.5,0.5,0.5,0.5,0.5,0.5,0.5,0.5782710280373832,0.24426350851221315,1.0,0.5782710280373832,0.0,0.0,0.0,0.0,0.0,0,1,,0,,0.5782710280373832,0.24426350851221315,1.0,0.5782710280373832,0.0,0.0,0.0,0.0,0.0,0.0,1.0,,0.0,,0.5
Ridge,42,1,55.17961897694062,63.96151038871207,55.17961897694062,73.54293705911347,40.083333333333336,10.0,30.0,0.6096969696969696,0.6138364779874214,0.6231292517006803,0.634074074074074,0.6828282828282828,0.6828282828282828,0.6327130112574857,0.2850467289719626,0.23082071512374114,0.24848484848484848,1.0,0.0,0.0,1.0,0.17261055634807418,0.7414141414141414,1,1,60.0,1,120.0,0.286214953271028,0.284595717090156,0.05858585858585859,1.0,0.4041666666666667,0.23317307692307693,0.9834710743801653,0.2895377128953771,0.907070707070707,1.0,1.0,60.0,1.0,120.0,0.8893617616609306
Random Forest,42,1,42.18140398054676,53.233976095288135,42.18140398054676,61.16473768968937,19.844849909956864,8.82622043439791,16.151625071888628,0.993782991202346,0.8104134446850191,0.7021982346657671,0.6040188254552895,0.5922381711855396,0.5922381711855396,0.7405303334387923,0.4077102803738318,0.4002935520351955,0.1919191919191919,1.0,0.7291666666666666,0.3653444676409186,0.6528925619834711,0.2801418439716312,0.7858585858585858,1,1,60.0,1,69.0,0.45210280373831774,0.4536505336975148,0.28484848484848485,1.0,0.5208333333333334,0.4612546125461255,1.0,0.2725225225225225,0.6484848484848484,1.0,1.0,60.0,1.0,85.5,0.8424410308066819
Random Forest,43,1,41.76299285110322,52.67323391535599,41.76299285110322,60.6002891547,19.2966729298505,9.262621866146583,15.93345913841512,0.9933137829912023,0.8153624084957212,0.7043571147467251,0.6105258850010231,0.6029939282016844,0.6029939282016844,0.7453106238872712,0.4392523364485981,0.4427038900607044,0.1919191919191919,1.0,0.8375,0.3544973544973545,0.6611570247933884,0.41237113402061853,0.7858585858585858,1,1,60.0,1,69.0,0.4392523364485981,0.44158012330903085,0.24848484848484848,1.0,0.55,0.45051194539249145,1.0,0.275,0.696969696969697,1.0,1.0,60.0,1.0,85.5,0.8364755589132321
Gradient Boosting,42,1,42.94035115407543,54.10655001947434,42.94035115407543,61.32342064889028,22.669411202059557,7.943708084244496,17.73364921520188,0.9991006842619746,0.8018764821115578,0.7015010963062911,0.6245631266625742,0.7319622821007863,0.7319622821007863,0.7718007342886368,0.2628504672897196,0.2597459519479967,0.1919191919191919,1.0,0.20833333333333334,0.1953125,0.6611570247933884,0.15841584158415842,0.7838383838383839,1,1,60.0,1,69.0,0.40186915887850466,0.40308730826421457,0.2606060606060606,1.0,0.39166666666666666,0.4392523364485981,1.0,0.23586744639376217,0.7151515151515152,1.0,1.0,60.0,1.0,111.66666666666667,0.7926299001091246
Gradient Boosting,43,1,42.94035115407543,54.10655001947434,42.94035115407543,61.32342064889028,22.669411202059557,7.943708084244496,17.73364921520188,0.9991006842619746,0.8018764821115578,0.7015010963062911,0.6245631266625742,0.7319622821007863,0.7319622821007863,0.7718007342886368,0.2628504672897196,0.2597459519479967,0.1919191919191919,1.0,0.20833333333333334,0.1953125,0.6611570247933884,0.15841584158415842,0.7838383838383839,1,1,60.0,1,69.0,0.40186915887850466,0.40308730826421457,0.2606060606060606,1.0,0.39166666666666666,0.4392523364485981,1.0,0.23586744639376217,0.7151515151515152,1.0,1.0,60.0,1.0,111.66666666666667,0.7926299001091246
Constant,42,2,36.20643785718414,43.52123505106498,36.20643785718415,19.684217720594358,50.608943230431244,80.69227656376458,60.69227656376458,0.5,0.5,0.5,0.5,0.5,0.5,0.5,0.5970982142857143,0.24924295364546936,1.0,0.5970982142857143,0.0,0.0,0.0,0.0,0.0,0,1,,0,,0.5970982142857143,0.24924295364546936,1.0,0.5970982142857143,0.0,0.0,0.0,0.0,0.0,0.0,1.0,,0.0,,0.5
Ridge,42,2,55.24588381960278,64.60651738407503,55.24588381960279,78.02309598031445,24.993986017836463,14.54048684805878,21.490181586969154,0.29569270930449376,0.3263571218219299,0.25304185550519864,0.2617625468454198,0.43621042276128097,0.43621042276128097,0.31461293124766465,0.17522321428571427,0.18369586406284888,0.09345794392523364,1.0,0.30416666666666664,0.2616487455197133,0.2809917355371901,0.059964726631393295,0.9009345794392524,1,1,60.0,1,120.0,0.625,0.3678299785004904,1.0,0.6142365097588978,0.0,0.0,0.2066115702479339,1.0,0.0,1.0,1.0,3.6666666666666665,1.0,3.6666666666666665,0.44989773992285187
Random Forest,42,2,34.44983492894062,43.13937327044286,34.44983492894062,17.058526127154014,56.636374085718174,67.33893254323172,60.22365822244709,0.9970165951892597,0.8926082261706096,0.797861903492402,0.7621604914422594,0.7493566676159163,0.7493566676159163,0.8398007767820894,0.5848214285714286,0.2509578544061303,0.9794392523364486,0.6114352392065344,0.0,0.0,0.0,0.0,0.013084112149532711,1,1,4.166666666666667,1,4.166666666666667,0.6104910714285714,0.3283881894699096,0.994392523364486,0.6440677966101694,0.008333333333333333,0.037037037037037035,0.10743801652892562,0.8125,0.0,1.0,1.0,11.833333333333334,1.0,5.166666666666667,0.8548424677039377
Random Forest,43,2,33.81647214383243,42.336669788148264,33.81647214383243,17.018711820533866,54.99713375171752,66.07633154112423,58.710659880576834,0.9969793026291256,0.9240600765681752,0.869602772593975,0.8090677278522583,0.7468894814507987,0.7468894814507987,0.8693198722188665,0.5814732142857143,0.25005999520038397,0.9738317757009346,0.6100702576112412,0.0,0.0,0.0,0.0,0.014953271028037384,1,1,4.166666666666667,1,4.166666666666667,0.6015625,0.2872437866087853,0.9981308411214953,0.6441495778045838,0.0,0.0,0.04132231404958678,0.8333333333333334,0.0,1.0,1.0,11.666666666666666,1.0,5.666666666666667,0.7592202345509617
Gradient Boosting,42,2,35.09936179557434,44.59094628278476,35.09936179557433,16.220564845684695,61.09816595415164,67.00385245782562,63.07763428363793,0.999701659518926,0.9322666143123588,0.73841642228739,0.6390178881891588,0.5400082843606804,0.5400082843606804,0.7698821737337027,0.59375,0.253514415058375,0.994392523364486,0.6157407407407407,0.0,0.0,0.0,0.0,0.001869158878504673,1,1,4.333333333333333,1,4.333333333333333,0.5982142857142857,0.2596816345925398,1.0,0.6163594470046083,0.0,0.0,0.008264462809917356,1.0,0.0,1.0,1.0,3.8333333333333335,1.0,3.8333333333333335,0.5656199031765345
Gradient Boosting,43,2,35.09936179557434,44.59094628278476,35.09936179557433,16.220564845684695,61.09816595415164,67.00385245782562,63.07763428363793,0.999701659518926,0.9322666143123588,0.73841642228739,0.6390178881891588,0.5400082843606804,0.5400082843606804,0.7698821737337027,0.59375,0.253514415058375,0.994392523364486,0.6157407407407407,0.0,0.0,0.0,0.0,0.001869158878504673,1,1,4.333333333333333,1,4.333333333333333,0.5982142857142857,0.2596816345925398,1.0,0.6163594470046083,0.0,0.0,0.008264462809917356,1.0,0.0,1.0,1.0,3.8333333333333335,1.0,3.8333333333333335,0.5656199031765345
Constant,42,3,37.705451529919785,45.9378231545527,37.70545152991979,16.94344387985207,51.83487504057124,81.91820837390458,61.91820837390458,0.5,0.5,0.5,0.5,0.5,0.5,0.5,0.5383631713554987,0.23330562482682182,1.0,0.5383631713554987,0.0,0.0,0.0,0.0,0.0,0,1,,0,,0.5383631713554987,0.23330562482682182,1.0,0.5383631713554987,0.0,0.0,0.0,0.0,0.0,0.0,1.0,,0.0,,0.5
Ridge,42,3,13.674818318213344,17.583523775812992,13.674818318213344,15.718226066583316,7.282829319106209,19.24343565475842,11.291786013327586,0.6318886645762638,0.8135785907550988,0.8775459171553244,0.9208685340270819,0.999677591277857,0.999677591277857,0.8487118595583251,0.8542199488491049,0.6951659464514148,0.997624703087886,0.9722222222222222,0.9416666666666667,0.6975308641975309,0.18181818181818182,0.8461538461538461,0.0,1,1,59.333333333333336,1,2.8333333333333335,0.49232736572890023,0.3831732215406524,0.6270783847980997,1.0,0.0,0.0,1.0,0.2335907335907336,0.3586698337292161,1.0,1.0,60.0,1.0,85.16666666666667,0.999888143912726
Random Forest,42,3,16.516988821645082,22.115016389941058,16.516988821645082,17.24685167360916,11.852941533561001,23.228551536217818,15.665819124479214,0.9973798376358404,0.9011391282599305,0.7900626398769708,0.7957455805701363,0.8738987110230884,0.8738987110230884,0.8716451794731931,0.7046035805626598,0.6407215122419072,0.7838479809976246,0.8483290488431876,0.7541666666666667,0.5127478753541076,0.3305785123966942,1.0,0.17339667458432304,1,1,60.0,1,48.5,0.7736572890025576,0.7523334130235856,0.828978622327791,0.7949886104783599,0.6333333333333333,0.9325153374233128,0.859504132231405,0.5777777777777777,0.12826603325415678,1.0,1.0,46.5,1.0,7.166666666666667,0.9105875076489824
Random Forest,43,3,16.070017875954512,21.405437371344682,16.070017875954516,16.534234564133858,11.521587903886855,23.47653000465479,15.528646059545915,0.9971650702289421,0.9009799686228144,0.7933384178742451,0.7998087901379838,0.8756949881893132,0.8756949881893132,0.8733974470106599,0.7084398976982097,0.6426297836856192,0.7957244655581948,0.8459595959595959,0.7458333333333333,0.5173410404624278,0.3305785123966942,1.0,0.16864608076009502,1,1,60.0,1,48.166666666666664,0.8337595907928389,0.8121455878502225,0.9501187648456056,0.814663951120163,0.6291666666666667,0.9320987654320988,0.8347107438016529,0.7829457364341085,0.0166270783847981,1.0,1.0,46.333333333333336,1.0,7.166666666666667,0.9340443871273384
Gradient Boosting,42,3,18.209437203282793,23.10298462291606,18.209437203282793,18.22307505452412,16.74335813926677,21.069911913954257,18.193532673164793,0.9935569777930501,0.8993883722516541,0.8049161675898026,0.7522453369614179,0.8234647752021633,0.8234647752021633,0.8547143259596176,0.6611253196930946,0.616182473471476,0.6603325415676959,0.8714733542319749,0.8291666666666667,0.47044917257683216,0.3305785123966942,1.0,0.2826603325415677,1,1,60.0,1,51.333333333333336,0.5882352941176471,0.4208202519636077,0.9738717339667459,0.5702364394993046,0.025,1.0,0.36363636363636365,0.7719298245614035,0.004750593824228029,1.0,1.0,43.833333333333336,1.0,6.666666666666667,0.7060619419532704
Gradient Boosting,43,3,18.209437203282793,23.10298462291606,18.209437203282793,18.22307505452412,16.74335813926677,21.069911913954257,18.193532673164793,0.9935569777930501,0.8993883722516541,0.8049161675898026,0.7522453369614179,0.8234647752021633,0.8234647752021633,0.8547143259596176,0.6611253196930946,0.616182473471476,0.6603325415676959,0.8714733542319749,0.8291666666666667,0.47044917257683216,0.3305785123966942,1.0,0.2826603325415677,1,1,60.0,1,51.333333333333336,0.5882352941176471,0.4208202519636077,0.9738717339667459,0.5702364394993046,0.025,1.0,0.36363636363636365,0.7719298245614035,0.004750593824228029,1.0,1.0,43.833333333333336,1.0,6.666666666666667,0.7060619419532704
Constant,42,4,45.90257422021797,51.82420003175647,45.90257422021797,15.819240886884632,47.40257422021796,77.48590755355129,57.48590755355129,0.5,0.5,0.5,0.5,0.5,0.5,0.5,0.278,0.14501825769431403,1.0,0.278,0.0,0.0,0.0,0.0,0.0,0,1,,0,,0.278,0.14501825769431403,1.0,0.278,0.0,0.0,0.0,0.0,0.0,0.0,1.0,,0.0,,0.5
Ridge,42,4,57.283166128794356,61.325153491962666,57.28316612879435,37.873459612437,55.58760347366333,82.94336648420854,64.7567096350926,0.9424994841460899,0.5769446207849434,0.4393248871541028,0.5398084483624587,0.8479244305386715,0.8479244305386715,0.6693003741972532,0.28,0.15516830424534547,1.0,0.28958333333333336,0.0,0.0,0.008264462809917356,1.0,0.0,1,1,3.1666666666666665,1,0.16666666666666666,0.316,0.23993855606758832,1.0,0.288981288981289,0.0,0.0,0.15702479338842976,1.0,0.0,1.0,1.0,2.5,1.0,2.5,0.9983857789114969
Random Forest,42,4,56.56427718238972,61.95136491953745,56.564277182389716,36.765268556435146,57.42380730695936,77.60373973702583,64.18771817687085,0.900887268725497,0.6956197020053027,0.6825486818290849,0.6873170647222848,0.8010223400227187,0.8010223400227187,0.7534790114609776,0.304,0.21413898250682073,1.0,0.288981288981289,0.0,0.0,0.10743801652892562,1.0,0.0,1,1,3.5,0,,0.32,0.24853761186319642,1.0,0.29018789144050106,0.0,0.0,0.17355371900826447,1.0,0.0,1.0,1.0,3.0,1.0,3.0,0.7567508320213635
Random Forest,43,4,56.70486673261892,62.23023055886413,56.7048667326189,36.87503530136242,57.49525551432133,77.91687715688394,64.34017578786724,0.8965540958800468,0.7031255834795922,0.687487734141608,0.6943400474549264,0.7835548735526815,0.7835548735526815,0.7530124669017709,0.304,0.21413898250682073,1.0,0.288981288981289,0.0,0.0,0.10743801652892562,1.0,0.0,1,1,3.5,0,,0.32,0.24853761186319642,1.0,0.29018789144050106,0.0,0.0,0.17355371900826447,1.0,0.0,1.0,1.0,3.0,1.0,3.0,0.7944957053747583
Gradient Boosting,42,4,56.38791243019137,63.85865632955224,56.38791243019137,38.89862970320114,53.71687011217556,81.77684181345941,63.12201298158095,0.840704312538689,0.48545502072519514,0.482151813166445,0.5635705502346768,0.7186073855596963,0.7186073855596963,0.6180978164449404,0.394,0.3311767355519359,0.8848920863309353,0.3178294573643411,0.26666666666666666,0.6213592233009708,0.08264462809917356,1.0,0.07913669064748201,1,1,41.166666666666664,0,,0.288,0.17377882083764437,1.0,0.2836734693877551,0.0,0.0,0.04132231404958678,1.0,0.0,1.0,1.0,3.0,0.0,,0.4547121305725503
Gradient Boosting,43,4,56.38791243019137,63.85865632955224,56.38791243019137,38.89862970320114,53.71687011217556,81.77684181345941,63.12201298158095,0.840704312538689,0.48545502072519514,0.482151813166445,0.5635705502346768,0.7186073855596963,0.7186073855596963,0.6180978164449404,0.394,0.3311767355519359,0.8848920863309353,0.3178294573643411,0.26666666666666666,0.6213592233009708,0.08264462809917356,1.0,0.07913669064748201,1,1,41.166666666666664,0,,0.288,0.17377882083764437,1.0,0.2836734693877551,0.0,0.0,0.04132231404958678,1.0,0.0,1.0,1.0,3.0,0.0,,0.4547121305725503
Constant,42,5,44.36198220415237,47.60677169424514,44.36198220415237,47.242017989440676,24.21846846846846,54.301801801801794,34.30180180180179,0.5,0.5,0.5,0.5,0.5,0.5,0.5,0.7774352651048089,0.29159440397733843,1.0,0.7774352651048089,0.0,0.0,0.0,0.0,0.0,0,1,,0,,0.7774352651048089,0.29159440397733843,1.0,0.7774352651048089,0.0,0.0,0.0,0.0,0.0,0.0,1.0,,0.0,,0.5
Ridge,42,5,83.59252677618403,92.09700297484812,83.59252677618404,99.24537848934685,34.725571023755606,17.392719919031318,28.91594503020536,0.6957888120678819,0.5302611818821479,0.31771105764201274,0.2808324483074599,0.46425801973107567,0.46425801973107567,0.45777030392611556,0.10789149198520345,0.11392620997028591,0.0761300555114988,0.9142857142857143,0.125,0.14084507042253522,0.4049586776859504,0.037576687116564415,0.922283901665345,1,1,60.0,1,9.5,0.22934648581997533,0.16465560806078391,0.1998413957176844,0.9960474308300395,0.0,0.0,0.9917355371900827,0.08765522279035792,0.7763679619349723,1.0,1.0,60.0,1.0,9.5,0.8609488578075264
Random Forest,42,5,64.17772224699205,73.88220746689464,64.17772224699205,74.03519103124998,20.370940173892173,48.337718615543494,29.744846521370867,0.9765414326554611,0.8485943226809213,0.5147807797556451,0.4070952875727031,0.4553700290628069,0.4553700290628069,0.6404763703455074,0.28914919852034526,0.28908467572496815,0.1625693893735131,0.7765151515151515,0.8625,0.19202226345083487,0.47107438016528924,0.20357142857142857,0.8350515463917526,1,1,60.0,1,8.166666666666666,0.19790382244143034,0.23342314822819707,0.14988104678826328,0.7529880478087649,0.2875,0.46938775510204084,0.5206611570247934,0.051470588235294115,0.8374306106264869,1.0,1.0,60.0,1.0,8.166666666666666,0.34856695978436847
Random Forest,43,5,64.88942600198084,74.4228238076696,64.88942600198084,74.68391498296923,21.806564808127618,48.26988948543879,30.67654343958095,0.9758317957867846,0.849014398084456,0.5130023510497134,0.3978322297667749,0.4526043394307381,0.4526043394307381,0.6376570228236933,0.2916152897657213,0.2937660614019156,0.1625693893735131,0.7765151515151515,0.8791666666666667,0.19287020109689215,0.47107438016528924,0.2159090909090909,0.8350515463917526,1,1,60.0,1,8.166666666666666,0.188039457459926,0.21583718244095604,0.14512291831879462,0.7290836653386454,0.2708333333333333,0.38922155688622756,0.47107438016528924,0.0473421926910299,0.8437747819191118,1.0,1.0,60.0,1.0,8.166666666666666,0.333699455868688
Gradient Boosting,42,5,65.89646340037022,75.74931883048806,65.89646340037021,76.1015376027773,21.639180289579887,47.32744999007547,30.24937595096483,0.9676000081101357,0.8325474422658867,0.5207107107658254,0.3999294535332661,0.454306809220137,0.454306809220137,0.6350188847790502,0.27435265104808876,0.26593462215573693,0.15384615384615385,0.766798418972332,0.7916666666666666,0.20674646354733406,0.5041322314049587,0.13555555555555557,0.8429817605075337,1,1,60.0,1,8.166666666666666,0.2096177558569667,0.22441868920042987,0.16494845360824742,0.8,0.2625,0.33157894736842103,0.5702479338842975,0.05887372013651877,0.8295003965107058,1.0,1.0,60.0,1.0,8.166666666666666,0.5191083012426931
Gradient Boosting,43,5,65.89646340037022,75.74931883048806,65.89646340037021,76.1015376027773,21.639180289579887,47.32744999007547,30.24937595096483,0.9676000081101357,0.8325474422658867,0.5207107107658254,0.3999294535332661,0.454306809220137,0.454306809220137,0.6350188847790502,0.27435265104808876,0.26593462215573693,0.15384615384615385,0.766798418972332,0.7916666666666666,0.20674646354733406,0.5041322314049587,0.13555555555555557,0.8429817605075337,1,1,60.0,1,8.166666666666666,0.2096177558569667,0.22441868920042987,0.16494845360824742,0.8,0.2625,0.33157894736842103,0.5702479338842975,0.05887372013651877,0.8295003965107058,1.0,1.0,60.0,1.0,8.166666666666666,0.5191083012426931
cnn,42,0,72.18454795589804,80.17863482247733,72.18454795589804,79.55769433668723,31.726065891981126,4.543303568829518,22.61494611053696,1.0,0.9910969239000402,0.9728546328403165,0.9814269698877014,0.9964811840935368,0.9964811840935368,0.9883719421443191,0.1800573888091822,0.15442623432314154,0.15698393077873918,1.0,0.0,0.0,1.0,0.10614035087719298,0.842192006592501,1,1,60.0,1,120.0,,,,,,,,,,,,,,,
cnn,43,0,58.30533551969549,64.19767171749143,58.305335519695504,64.06433864950299,27.631750961144764,3.6322751726657567,19.587605336751523,1.0,0.9955033754741595,0.987809375067786,0.9927394795567395,0.9976408068509052,0.9976408068509052,0.994738607389918,0.26578192252510763,0.27077259909290097,0.2554594149155336,1.0,0.0,0.0,1.0,0.2542016806722689,0.7404202719406675,1,1,60.0,1,120.0,,,,,,,,,,,,,,,
lstm,42,0,42.817043526414366,55.830737252384104,42.817043526414366,46.042304674391396,29.65617574850718,4.229435762426413,21.133639631288972,0.9985959493137702,0.9980582757729325,0.9834648768077543,0.9836924387592266,0.9845608100010614,0.9845608100010614,0.989674470130949,0.5437589670014347,0.32022673409027763,0.5747836835599506,1.0,0.0,0.0,1.0,0.13038793103448276,0.42439225381128964,1,1,60.0,1,120.0,,,,,,,,,,,,,,,
lstm,43,0,33.622440643084786,48.70295527300641,33.622440643084786,35.608129367741924,28.691047801574072,3.57506665316495,20.2726718487832,0.9989820632524835,0.9981183910740801,0.987369347426613,0.9901349320889148,0.9935958235318959,0.9935958235318959,0.9936401114747975,0.5796269727403156,0.35915676879709896,0.6159868149979398,1.0,0.0,0.0,1.0,0.18701700154559506,0.3761845900288422,1,1,60.0,1,120.0,,,,,,,,,,,,,,,
cnn_lstm,42,0,57.938071169960395,68.55373627556484,57.938071169960395,63.373665707073044,30.138749782244364,4.050874405327579,21.39461426809774,0.9979290252378112,0.9974871804120303,0.9806263886435683,0.9848580214340057,0.9956856554893185,0.9956856554893185,0.9913172542433468,0.43077474892395984,0.25936980883120775,0.44499381953028433,1.0,0.0,0.0,1.0,0.08825674690007294,0.5294602389781623,1,1,60.0,1,120.0,,,,,,,,,,,,,,,
cnn_lstm,43,0,63.98087500485434,77.12107663635845,63.98087500485435,70.11732046055018,31.868227876226108,4.591471615573262,22.72560320160285,0.9702107246071583,0.9174196108135404,0.8068774461043609,0.8478363606694259,0.8912591151941397,0.8912591151941397,0.8867206514777249,0.30559540889526543,0.2180532980050753,0.29625051503914296,1.0,0.1,0.03463203463203463,0.9008264462809917,0.07921511627906977,0.6942727647301195,1,1,60.0,1,120.0,,,,,,,,,,,,,,,
cnn_bilstm,42,0,65.41368049699572,75.29906509499709,65.41368049699572,71.18898526601552,36.740432599186896,6.446034390079088,26.58635452909813,0.9719774883873308,0.9381173089986594,0.9321613723904346,0.9504775710104755,0.9883124635477836,0.9883124635477836,0.9562092408669368,0.24497847919655666,0.18000071324455855,0.23156159868149978,1.0,0.0,0.0,1.0,0.08929889298892989,0.7618459002884219,1,1,60.0,1,120.0,,,,,,,,,,,,,,,
cnn_bilstm,43,0,70.13912137319515,80.57005076516154,70.13912137319517,77.0569505239643,33.33082546889782,4.39052358901862,23.630613481459083,0.9672622181660757,0.9566628794026945,0.9174173476249353,0.938249549131429,0.954952764775774,0.954952764775774,0.9469089518201818,0.21341463414634146,0.16443623603750573,0.19365471775854964,1.0,0.016666666666666666,0.004228329809725159,1.0,0.08819241982507289,0.8030490317264112,1,1,60.0,1,120.0,,,,,,,,,,,,,,,
cnn_bilstm_attn,42,0,81.52209464972638,91.0744254730595,81.52209464972638,89.5294644058512,37.772198942800365,7.68811590218347,27.68861432253819,0.9448793101430961,0.8974913884831107,0.9181951429625016,0.9458618636183501,0.9810705281191399,0.9810705281191399,0.9374996466652398,0.17395982783357244,0.12102584347428924,0.149979398434281,1.0,0.0,0.0,1.0,0.05387355298308103,0.8491965389369592,1,1,60.0,1,120.0,,,,,,,,,,,,,,,
cnn_bilstm_attn,43,0,50.78727624018416,63.292938034220164,50.78727624018416,55.771845394758515,19.54525087674459,12.775183257321025,17.2760592369932,0.8967086711830297,0.8937401936915003,0.7648795966619875,0.7770367497621152,0.8181617924845945,0.8181617924845945,0.8301054007566455,0.43938307030129126,0.3125057037798627,0.4260403790688092,1.0,0.6041666666666666,0.11779041429731925,0.38016528925619836,0.08795411089866156,0.5438813349814586,1,1,60.0,1,120.0,,,,,,,,,,,,,,,
cnn_bilstm_dual,42,0,81.91499217113258,89.52889085025224,81.91499217113258,90.24740220314689,35.63176863392194,6.586186396188973,25.896268770305074,1.0,0.990928601056827,0.9666725543604571,0.9732912028177431,0.993483970155693,0.993483970155693,0.9848752656781439,0.1675035868005739,0.11780396187021076,0.14256283477544293,1.0,0.0,0.0,1.0,0.05477591670439113,0.8566131025957973,1,1,60.0,1,120.0,0.16606886657101866,0.11376468534218305,0.14091470951792337,1.0,0.0,0.0,1.0,0.04946852003270646,0.8582612278533168,1.0,1.0,60.0,1.0,120.0,0.9891536465912685
cnn_bilstm_dual,43,0,71.43943630999095,82.11607031000834,71.43943630999095,79.5059473684505,24.36982367899683,3.0037726121172104,17.208349498685376,0.9869306281956779,0.9843519871112795,0.7913029466358027,0.8136275687852721,0.7675378675039692,0.7675378675039692,0.8687501996464002,0.21269727403156385,0.17701212382259388,0.1792336217552534,1.0,0.20833333333333334,0.0687757909215956,0.8925619834710744,0.06642066420664207,0.8158220024721878,1,1,60.0,1,74.5,0.20157819225251075,0.17107218188261578,0.17264112072517512,1.0,0.09166666666666666,0.15714285714285714,1.0,0.054284432480933155,0.823238566131026,1.0,1.0,60.0,1.0,75.5,0.5752778928650101
proposed,42,0,65.92964304840376,76.02176472272345,65.92964304840376,71.56216796720574,38.20043406436841,7.953380058619602,28.06222482698446,0.9159909672739186,0.8809356345470614,0.9050686845962437,0.9366728336586368,0.9810408527336166,0.9810408527336166,0.9239417945618953,0.31886657101865135,0.21321602923149166,0.3164400494437577,1.0,0.0,0.0,1.0,0.08630527817403709,0.6543057272352699,1,1,60.0,1,120.0,0.2076757532281205,0.1387465142913172,0.18871034198599093,1.0,0.0,0.0,1.0,0.05193133047210301,0.8046971569839307,1.0,1.0,60.0,1.0,120.0,0.9822655330669396
proposed,43,0,66.38326653042859,76.80016044387783,66.38326653042859,72.82834777156168,32.709401808679104,3.899922406377871,23.053038906522733,0.9827652778265296,0.9332720157261628,0.8152658603624959,0.838543487889596,0.864270493421766,0.864270493421766,0.8868234270453101,0.25251076040172166,0.1980284024499205,0.2319736299958797,1.0,0.08333333333333333,0.019083969465648856,1.0,0.102803738317757,0.7643180881747013,1,1,60.0,1,120.0,0.23708751793400287,0.15538561719366104,0.22249690976514216,1.0,0.0,0.0,1.0,0.05382562277580071,0.7725587144622992,1.0,1.0,60.0,1.0,120.0,0.9571555914703811
cnn,42,1,49.67346909301751,57.75402651234079,49.673469093017495,66.5375472772001,35.0101758049801,9.768276431518233,26.549594574539977,0.9112023460410557,0.9450046396535725,0.989520436273683,0.9907509719664416,0.8828003021908839,0.8828003021908839,0.9438557392251272,0.2850467289719626,0.23339353316445058,0.24848484848484848,1.0,0.0,0.0,1.0,0.17794117647058824,0.7313131313131314,1,1,60.0,1,119.33333333333333,,,,,,,,,,,,,,,
cnn,43,1,48.93490662023054,58.71256777240639,48.934906620230535,66.22670502108757,33.186493745073676,9.432252749267032,25.224545932074772,0.8893059628543499,0.9379729869058666,0.9788384775397763,0.9816574585635358,0.8323512129606312,0.8323512129606312,0.9240252197648319,0.2675233644859813,0.22674499594175748,0.2101010101010101,1.0,0.016666666666666666,0.0449438202247191,1.0,0.18250377073906485,0.7858585858585858,1,1,60.0,1,120.0,,,,,,,,,,,,,,,
lstm,42,1,40.15259782083309,49.8484688216639,40.15259782083309,59.95090879575171,16.363332549730938,6.34482701488106,13.005329309518098,0.8911827956989248,0.9322198164759253,0.9316916849384382,0.8562635563740536,0.7787011388119423,0.7787011388119423,0.8780117984598569,0.4158878504672897,0.425123901771631,0.1494949494949495,1.0,0.7041666666666667,0.34004024144869216,0.9338842975206612,0.39649122807017545,0.8161616161616162,1,1,60.0,1,120.0,,,,,,,,,,,,,,,
lstm,43,1,52.383049596507234,62.171151715323944,52.383049596507234,75.6467505435751,28.728308953841527,4.1318577406491785,20.484069073519436,0.933919843597263,0.8792246623363233,0.7301624782144263,0.6423736443625947,0.6610649430594029,0.6610649430594029,0.7693491143140021,0.205607476635514,0.1606683484073577,0.10909090909090909,1.0,0.004166666666666667,0.018518518518518517,1.0,0.16176470588235295,0.8686868686868687,1,1,60.0,1,120.0,,,,,,,,,,,,,,,
cnn_lstm,42,1,54.341305146707555,63.285310070828004,54.341305146707555,78.29102274962146,29.463644880056382,5.709307217400921,21.501664666257735,0.9786510263929619,0.9595216001649655,0.933108449991567,0.915596480458359,0.7493382579255154,0.7493382579255154,0.9072431629866738,0.18341121495327103,0.14728214773020615,0.05858585858585859,1.0,0.029166666666666667,0.058333333333333334,1.0,0.17114568599717114,0.9232323232323232,1,1,60.0,1,120.0,,,,,,,,,,,,,,,
cnn_lstm,43,1,54.30519953825021,64.47812754189053,54.30519953825021,78.84117844706834,28.936144868532818,4.249526487565895,20.661682751920633,0.9982013685239491,0.8774306629549438,0.777016922471468,0.7789645999590751,0.6770530792691458,0.6770530792691458,0.8217333266357162,0.1985981308411215,0.1615609826787854,0.08282828282828283,1.0,0.03333333333333333,0.10810810810810811,1.0,0.1632928475033738,0.907070707070707,1,1,60.0,1,120.0,,,,,,,,,,,,,,,
cnn_bilstm,42,1,47.49943703580126,57.49023524804068,47.49943703580126,67.60108906813342,27.18128684560458,5.565869181609351,19.936229955456593,0.9997653958944281,0.9935457263635427,0.9923314780457637,0.982402291794557,0.8118581941296623,0.8118581941296623,0.9559806172455907,0.25116822429906543,0.23047648011514998,0.1393939393939394,1.0,0.10416666666666667,0.1773049645390071,1.0,0.1873065015479876,0.8484848484848485,1,1,60.0,1,120.0,,,,,,,,,,,,,,,
cnn_bilstm,43,1,50.388668994480206,60.88393081146897,50.388668994480206,71.11961579081988,29.89326232075691,6.232296577169875,21.96257851196458,0.85544477028348,0.9155583049798949,0.9795805925676055,0.9882954777982402,0.818109068524581,0.818109068524581,0.9113976428307604,0.21845794392523366,0.17311055877750162,0.13333333333333333,1.0,0.0,0.0,1.0,0.16552667578659372,0.8545454545454545,1,1,60.0,1,120.0,,,,,,,,,,,,,,,
cnn_bilstm_attn,42,1,48.83247340505368,58.17715241787273,48.83247340505368,72.51342881905911,23.37136000394821,2.4572195730918693,16.361357255655644,1.0,0.9841633158057532,0.9800640917524034,0.964730918764068,0.8455189009205629,0.8455189009205629,0.9548954454485576,0.2161214953271028,0.201146952988712,0.01616161616161616,1.0,0.23333333333333334,0.17834394904458598,1.0,0.22659176029962547,0.9797979797979798,1,1,60.0,1,120.0,,,,,,,,,,,,,,,
cnn_bilstm_attn,43,1,49.26749879511717,59.09651331649173,49.26749879511717,70.00830372126416,28.022004540761312,6.5585746843952775,20.82789093239486,0.8398435972629521,0.9162387875038664,0.980570079271378,0.9907100470636383,0.8278575225943647,0.8278575225943647,0.91104400673924,0.21261682242990654,0.17331755354594539,0.1191919191919192,1.0,0.008333333333333333,0.02040816326530612,1.0,0.17310443490701002,0.8727272727272727,1,1,60.0,1,120.0,,,,,,,,,,,,,,,
cnn_bilstm_dual,42,1,48.483870827149005,56.97616461787467,48.483870827149005,68.70172185801496,28.799096137285233,4.81866144936932,20.76133271003364,0.9980449657869013,0.9798329724713888,0.9920391297014675,0.9883855125844075,0.9897758750944347,0.9897758750944347,0.9896156911277199,0.22546728971962618,0.18781038985642565,0.14545454545454545,1.0,0.0,0.0,1.0,0.18305597579425115,0.8424242424242424,1,1,60.0,1,120.0,0.2570093457943925,0.2322853421369833,0.1595959595959596,1.0,0.08333333333333333,0.17699115044247787,1.0,0.1822289156626506,0.8242424242424242,1.0,1.0,60.0,1.0,120.0,0.9483757239989927
cnn_bilstm_dual,43,1,49.2810037182499,58.01175362938937,49.28100371824989,70.08285441494951,27.592192609111468,7.201653068059075,20.757690436071748,0.9829130009775171,0.9722651819775234,0.9634114802945971,0.9685287497442193,0.7860656425753378,0.7860656425753378,0.9346368111138389,0.3037383177570093,0.30056848960296206,0.13535353535353536,1.0,0.3,0.32286995515695066,1.0,0.2137809187279152,0.8545454545454545,1,1,60.0,1,120.0,0.3341121495327103,0.33244170196254025,0.12323232323232323,1.0,0.43333333333333335,0.3443708609271523,1.0,0.24543610547667344,0.8626262626262626,1.0,1.0,60.0,1.0,120.0,0.8154285234617645
proposed,42,1,50.139123323921844,59.073062712169104,50.139123323921844,69.78910462639548,31.22353647748629,7.27135554226962,23.195243144629735,0.9950733137829911,0.9849675224249923,0.9782875133524485,0.9892613055043995,0.8763815439715716,0.8763815439715716,0.9647942398072807,0.2266355140186916,0.18542381509960695,0.14545454545454545,1.0,0.004166666666666667,0.011363636363636364,1.0,0.17385057471264367,0.8383838383838383,1,1,60.0,1,120.0,0.29205607476635514,0.29170996904944446,0.15757575757575756,1.0,0.2125,0.51,1.0,0.17846607669616518,0.8242424242424242,1.0,1.0,60.0,1.0,120.0,0.8562858501916674
proposed,43,1,47.375111894629825,56.66313053583687,47.375111894629825,68.0317133970935,25.463332772254944,6.3322130983526055,19.050963020060532,0.9991788856304985,0.9834003505516032,0.9842131894079946,0.9873951299365664,0.8160217129746214,0.8160217129746214,0.954041853700257,0.2967289719626168,0.29267292017044344,0.11515151515151516,1.0,0.31666666666666665,0.2558922558922559,1.0,0.2410358565737052,0.8727272727272727,1,1,60.0,1,120.0,0.3294392523364486,0.3291080297998148,0.1191919191919192,1.0,0.425,0.38345864661654133,1.0,0.2278719397363465,0.8666666666666667,1.0,1.0,60.0,1.0,120.0,0.882537284199334
cnn,42,2,30.60903749224686,39.8791892821925,30.609037492246852,39.44604301452637,9.114949374728733,34.16922917641884,17.512644266707966,0.3092299086332277,0.5589869441444979,0.6061210343908291,0.579237337248387,0.6159473943096797,0.6159473943096797,0.5339045237453244,0.42410714285714285,0.2983645791783008,0.2616822429906542,0.9032258064516129,1.0,0.32388663967611336,0.0,0.0,0.7345794392523365,1,1,60.0,0,,,,,,,,,,,,,,,,
cnn,43,2,38.70612054105316,48.70387840152587,38.70612054105316,50.18543735575453,27.13515628973643,10.901136445605065,21.693836618988797,0.3854931941077755,0.5510945322469815,0.6848627032791256,0.7705366456747672,0.9595153649001993,0.9595153649001993,0.6703004880417698,0.26450892857142855,0.25398173709917177,0.2616822429906542,0.9655172413793104,0.0,0.0,0.8016528925619835,0.22401847575057737,0.7345794392523365,1,1,60.0,1,0.3333333333333333,,,,,,,,,,,,,,,
lstm,42,2,27.608621841030462,35.91758339144753,27.608621841030462,37.202440165582104,9.85820939540863,20.397102694866085,13.390636235392986,0.9980234943128845,0.9807205261607932,0.9286376966142361,0.9027315226210253,0.8976985010484895,0.8976985010484895,0.9415623481514857,0.42857142857142855,0.33366135432667693,0.2560747663551402,1.0,1.0,0.3191489361702128,0.05785123966942149,1.0,0.7401869158878505,1,1,60.0,1,120.0,,,,,,,,,,,,,,,
lstm,43,2,25.1736852381201,32.51698424361811,25.1736852381201,23.735216988061445,23.121667226155598,35.60397314434209,27.305487215353843,0.9989558083162409,0.9422401099440463,0.8974566782191415,0.8664451570528918,0.8371087581225567,0.8371087581225567,0.9084413023309754,0.6082589285714286,0.45479047204615125,0.8803738317757009,0.6767241379310345,0.19166666666666668,0.26744186046511625,0.23140495867768596,1.0,0.09906542056074766,1,1,51.833333333333336,1,5.666666666666667,,,,,,,,,,,,,,,
cnn_lstm,42,2,32.57112532321896,42.31851913559864,32.57112532321896,43.93071661975896,9.564156993230183,27.978489418660313,15.736273955770477,0.3614767853813164,0.49832139000687153,0.5798560383897627,0.5787891666344706,0.5581484453879411,0.5581484453879411,0.5153183651600723,0.421875,0.3193313120141184,0.2485981308411215,0.9637681159420289,1.0,0.3187250996015936,0.04132231404958678,1.0,0.7476635514018691,1,1,60.0,1,0.6666666666666666,,,,,,,,,,,,,,,
cnn_lstm,43,2,21.32132334439527,29.202289782483437,21.321323344395275,26.43197043707066,9.135737204551697,22.894418212007885,13.747372666884658,0.8024613089688607,0.8810837341710022,0.8741455611836842,0.8694587180775026,0.8598700390918269,0.8598700390918269,0.8574038722985753,0.6439732142857143,0.47965124571520995,0.6841121495327103,0.912718204488778,0.8541666666666666,0.41922290388548056,0.049586776859504134,1.0,0.29158878504672897,1,1,54.0,1,51.666666666666664,,,,,,,,,,,,,,,
cnn_bilstm,42,2,29.928941873922238,39.5684570755425,29.928941873922234,42.24601472159412,8.274105315738254,18.42089890251475,11.675108152303231,1.0,0.958044566604496,0.8909090909090909,0.8348336746126802,0.7291117612033035,0.7291117612033035,0.8825798186659141,0.49107142857142855,0.4641470032480319,0.3177570093457944,1.0,1.0,0.3448275862068966,0.24793388429752067,1.0,0.6728971962616822,1,1,60.0,1,91.66666666666667,,,,,,,,,,,,,,,
cnn_bilstm,43,2,27.878122011110893,36.82070873312043,27.878122011110896,26.61522617993697,21.185795497894286,46.736036332185606,29.749726636257858,0.8935670333768413,0.613762638657112,0.658949613436417,0.6717613877834872,0.6036451186993553,0.6036451186993553,0.6883371583906426,0.48660714285714285,0.3330933717271903,0.5738317757009346,0.6792035398230089,0.5375,0.2905405405405405,0.0,0.0,0.3981308411214953,1,1,50.833333333333336,1,5.333333333333333,,,,,,,,,,,,,,,
cnn_bilstm_attn,42,2,37.0835512897798,49.45781568256715,37.0835512897798,52.15128878299321,11.176610843340557,21.847403754872722,14.753247802607572,0.4696252097706507,0.3787768724845391,0.4075926419621434,0.4088629602441757,0.35950500944934893,0.35950500944934893,0.40487253878217155,0.4174107142857143,0.3149385314663982,0.2504672897196262,1.0,1.0,0.37383177570093457,0.0,0.0,0.7457943925233644,1,1,60.0,1,120.0,,,,,,,,,,,,,,,
cnn_bilstm_attn,43,2,27.10043490678072,38.25768737451206,27.10043490678072,36.73040829180185,8.313501720958287,21.78496551513672,12.828867701832497,0.9873205295543539,0.790262098753313,0.7745561183684351,0.7632963721361512,0.7401118388691849,0.7401118388691849,0.8111093915362876,0.5334821428571429,0.4606867089075635,0.4074766355140187,0.9954337899543378,1.0,0.37209302325581395,0.1652892561983471,0.625,0.5813084112149532,1,1,60.0,1,6.833333333333333,,,,,,,,,,,,,,,
cnn_bilstm_dual,42,2,26.514163211342836,33.58585800610071,26.514163211342833,22.785619600836736,28.905315780639647,38.25709060795051,32.039844185361574,0.9618497109826589,0.962599391381172,0.8788056518261796,0.8224008036162732,0.7419525202578507,0.7419525202578507,0.8735216156128269,0.5200892857142857,0.26016519909608044,0.8504672897196262,0.6345885634588564,0.04583333333333333,0.06470588235294118,0.0,0.0,0.14205607476635515,1,1,44.666666666666664,1,12.166666666666666,0.515625,0.38071527233587127,0.4355140186915888,0.9549180327868853,0.9541666666666667,0.3803986710963455,0.0,0.0,0.5495327102803739,1.0,1.0,60.0,1.0,54.833333333333336,0.775271183369146
cnn_bilstm_dual,43,2,32.00930031708309,39.35713208492747,32.00930031708309,32.83605778536692,22.909614313973318,46.40276639323589,30.784050329460218,0.8991982099571135,0.7123392559144007,0.5328179152226074,0.4539350152609821,0.34047169078623757,0.34047169078623757,0.5877524174282682,0.23883928571428573,0.16327836244725616,0.2953271028037383,0.39303482587064675,0.23333333333333334,0.11336032388663968,0.0,0.0,0.6897196261682244,1,1,57.833333333333336,1,4.833333333333333,0.24330357142857142,0.2543875685711888,0.23925233644859814,0.847682119205298,0.25833333333333336,0.389937106918239,0.23140495867768596,0.04778156996587031,0.7570093457943925,1.0,1.0,60.0,1.0,40.833333333333336,0.3910218241126673
proposed,42,2,23.542222433856555,30.568834768545234,23.542222433856555,29.005577704171152,9.17297264734904,27.887056145786254,15.445560191146557,0.9672571322021257,0.9625208599195052,0.8887336710210612,0.8779816868214657,0.8822067465762291,0.8822067465762291,0.9157400193080774,0.6060267857142857,0.4347547198160037,0.5663551401869159,1.0,1.0,0.40955631399317405,0.0,0.0,0.4224299065420561,1,1,60.0,1,87.33333333333333,0.41517857142857145,0.2940414291334576,0.2467289719626168,1.0,1.0,0.321285140562249,0.0,0.0,0.7457943925233644,1.0,1.0,60.0,1.0,102.16666666666667,0.9735418230771222
proposed,43,2,32.80159153044224,41.87754304020896,32.80159153044224,40.35570655894057,10.196311394373575,44.238084856143665,21.606434909260503,0.3002051090807384,0.2573672327476195,0.3038229805385231,0.3553992968357609,0.4746679783571077,0.4746679783571077,0.3382925195119499,0.42410714285714285,0.29963636507580715,0.2616822429906542,0.8433734939759037,1.0,0.332871012482663,0.0,0.0,0.7271028037383177,1,1,60.0,1,1.0,0.24776785714285715,0.2019561157796452,0.2504672897196262,0.9781021897810219,0.0,0.0,0.7272727272727273,0.12071330589849108,0.7420560747663552,1.0,1.0,60.0,1.0,3.6666666666666665,0.5073497812411008
cnn,42,3,13.148490614699991,16.729513228928344,13.148490614699993,11.545443026677825,8.940468083487616,27.07252732584299,15.017972704886512,0.9998281860744814,0.9304927127623291,0.9293207136694965,0.9215671854459877,0.9933675920016318,0.9933675920016318,0.9549152779907853,0.7378516624040921,0.5841649092497,0.7719714964370546,1.0,1.0,0.5393258426966292,0.09917355371900827,1.0,0.1828978622327791,1,1,60.0,1,61.833333333333336,,,,,,,,,,,,,,,
cnn,43,3,12.726418682173184,15.874997097394989,12.726418682173188,11.824862258923215,8.838090658187866,23.57562512799728,13.77781827826249,0.998969116446888,0.9069143493781405,0.863117490403971,0.8729465623592355,0.9949796356123464,0.9949796356123464,0.9273854308401163,0.7263427109974424,0.656438570404107,0.6935866983372921,1.0,1.0,0.5286343612334802,0.2975206611570248,1.0,0.2826603325415677,1,1,60.0,1,67.83333333333333,,,,,,,,,,,,,,,
lstm,42,3,10.619717979065292,13.972038438843379,10.619717979065292,10.604009427442877,10.87736009226905,10.163347673810218,10.638037370292544,0.9965207680082472,0.9784452377162866,0.9942111251422213,0.9912025077908826,0.9546588060349649,0.9546588060349649,0.9830076889385205,0.8120204603580563,0.724701963405045,0.9857482185273159,0.8627858627858628,0.725,0.6823529411764706,0.38016528925619836,1.0,0.004750593824228029,1,1,60.0,1,48.5,,,,,,,,,,,,,,,
lstm,43,3,13.961846355282132,20.789311810150924,13.961846355282132,19.624703045601137,5.960032290882535,10.13021584975818,7.357794647181573,0.9997852325931017,0.9941338305177235,0.9997124317025293,0.9855489469668416,0.8722866674123739,0.8722866674123739,0.970293421838514,0.6150895140664961,0.5985106806588841,0.5676959619952494,0.8445229681978799,0.8166666666666667,0.4326710816777042,0.38016528925619836,1.0,0.41092636579572445,1,1,60.0,1,49.166666666666664,,,,,,,,,,,,,,,
cnn_lstm,42,3,11.523423778228238,15.195858370024512,11.52342377822824,12.331204360756532,9.551348723305596,12.624435248782156,10.581386035168931,0.9981959537820541,0.99502057706737,0.9971368199947487,0.9902924223899394,0.9458090156006344,0.9458090156006344,0.9852909577669493,0.7659846547314578,0.6935128375569647,0.9026128266033254,0.8501118568232662,0.7208333333333333,0.5986159169550173,0.38016528925619836,1.0,0.08076009501187649,1,1,48.5,1,48.5,,,,,,,,,,,,,,,
cnn_lstm,43,3,13.68250611127185,19.336540363698354,13.68250611127185,18.829758501392647,6.758831866582235,9.506378528500392,7.679754708942614,0.9975086980799794,0.9799686228143972,0.9990372713519461,0.9880861547512894,0.9392687243800212,0.9392687243800212,0.9807738942755266,0.6432225063938619,0.6167000926062918,0.5296912114014252,0.9823788546255506,0.9833333333333333,0.461839530332681,0.36363636363636365,1.0,0.44655581947743467,1,1,60.0,1,55.333333333333336,,,,,,,,,,,,,,,
cnn_bilstm,42,3,17.66613819755658,25.16329009941769,17.666138197556585,25.18226588348123,9.232652809884815,8.242557513812356,8.900792613694321,0.999742279111722,0.9956572156158341,0.9910978857478651,0.9442825493422564,0.8461452418394404,0.8461452418394404,0.9553850343314236,0.6419437340153452,0.620218704951495,0.5130641330166271,1.0,1.0,0.46153846153846156,0.38016528925619836,1.0,0.4821852731591449,1,1,60.0,1,93.83333333333333,,,,,,,,,,,,,,,
cnn_bilstm,43,3,13.643338805320218,17.10944421316594,13.643338805320216,15.83030260317116,14.025322898228962,5.276496316119003,11.092890719737813,0.9996563721489627,0.9346763375093791,0.9283454820519873,0.9759516827387135,0.9756548515932912,0.9756548515932912,0.9628569452084668,0.7391304347826086,0.6509685044888561,0.9643705463182898,0.8371134020618557,0.2916666666666667,0.6730769230769231,0.8429752066115702,0.5284974093264249,0.021377672209026127,1,1,46.5,1,46.5,,,,,,,,,,,,,,,
cnn_bilstm_attn,42,3,16.494271058763893,22.682278702897996,16.494271058763893,21.246032950430756,14.929307651519775,3.0653409872501673,10.952742647706417,0.999226837335166,0.9945885723380552,0.9995123841912456,0.9972237798880319,0.885709397885262,0.885709397885262,0.9752521943275522,0.6253196930946292,0.5822430815251775,0.7125890736342043,0.7957559681697612,0.2833333333333333,0.4444444444444444,1.0,0.4801587301587302,0.2826603325415677,1,1,46.833333333333336,1,46.833333333333336,,,,,,,,,,,,,,,
cnn_bilstm_attn,43,3,13.176484468343007,18.168162404880096,13.176484468343007,17.542345238789057,5.439102432462905,13.333048966305315,8.084995869013962,0.998582535114471,0.9866533275732703,0.9999499881221791,0.9891617102251312,0.9183187372105723,0.9183187372105723,0.9785332596491247,0.6432225063938619,0.6144086376948784,0.5273159144893111,0.9910714285714286,0.9916666666666667,0.4621359223300971,0.35537190082644626,1.0,0.46080760095011875,1,1,60.0,1,55.333333333333336,,,,,,,,,,,,,,,
cnn_bilstm_dual,42,3,14.318158454195823,19.056422801740048,14.318158454195821,13.178634563515512,12.29396288394928,22.29788155201053,15.647076897343771,1.0,0.855869580045929,0.8131181155524436,0.8085235473106517,0.9496647607266698,0.9496647607266698,0.8854352007271388,0.7851662404092071,0.7052215724530577,0.8076009501187649,0.9686609686609686,0.975,0.6015424164524421,0.3305785123966942,0.9523809523809523,0.17339667458432304,1,1,60.0,1,7.0,0.8235294117647058,0.7287294650656043,0.8527315914489311,0.9755434782608695,1.0,0.7476635514018691,0.371900826446281,0.4838709677419355,0.1187648456057007,1.0,1.0,60.0,1.0,7.0,0.9753521821806673
cnn_bilstm_dual,43,3,13.06707686373848,15.772087245248624,13.06707686373848,14.825361941980164,9.4923544327418,14.03976583480835,11.016556038420616,0.998067093337915,0.9204656556240194,0.9072654755504432,0.9068771200853091,0.9965324612945039,0.9965324612945039,0.945841561178438,0.6994884910485933,0.6555072783130466,0.6270783847980997,1.0,1.0,0.5052631578947369,0.35537190082644626,1.0,0.3586698337292161,1,1,60.0,1,78.33333333333333,0.6662404092071611,0.6361196670783974,0.5605700712589073,1.0,1.0,0.47904191616766467,0.371900826446281,1.0,0.42992874109263657,1.0,1.0,60.0,1.0,87.0,0.9954994374296788
proposed,42,3,15.594451745401967,20.823771469500926,15.59445174540197,17.68111736512052,9.471643140580918,20.478648764042816,13.160971895259284,0.999355697779305,0.9386098542552466,0.910916342631375,0.8772855553819141,0.9027773208493167,0.9027773208493167,0.9257889541794315,0.6253196930946292,0.6030809063985476,0.48693586698337293,1.0,1.0,0.450281425891182,0.36363636363636365,1.0,0.5083135391923991,1,1,60.0,1,95.66666666666667,0.6202046035805626,0.573011795155769,0.4750593824228028,1.0,1.0,0.4948453608247423,0.371900826446281,0.4639175257731959,0.5201900237529691,1.0,1.0,60.0,1.0,96.5,0.9801290950842539
proposed,43,3,10.922451529051642,14.823701496059735,10.922451529051642,8.626011806919948,8.920464322302077,22.883427170682545,13.600570983393592,0.997680512005498,0.8737864077669903,0.8071041872444706,0.8353021207747675,0.9893144537804068,0.9893144537804068,0.9006375363144266,0.8670076726342711,0.7664979735488089,0.9477434679334917,0.9779411764705882,0.9916666666666667,0.7147147147147147,0.33884297520661155,1.0,0.035629453681710214,1,1,60.0,1,7.0,0.8695652173913043,0.7789513593493845,0.9382422802850356,0.9825870646766169,1.0,0.7164179104477612,0.371900826446281,1.0,0.04275534441805225,1.0,1.0,60.0,1.0,7.0,0.9912225870339056
cnn,42,4,67.32881564966839,70.87494565572646,67.32881564966839,42.95845869690966,71.05984433492024,87.92412748415607,76.71241569519043,0.9670541302703075,0.7334478509279659,0.636777949802656,0.7359497047056583,0.9370653062037905,0.9370653062037905,0.8020589883820757,0.278,0.1501890869800108,1.0,0.2907949790794979,0.0,0.0,0.0,0.0,0.0,1,1,3.1666666666666665,1,3.1666666666666665,,,,,,,,,,,,,,,
cnn,43,4,59.67925372950236,64.05064532234496,59.679253729502356,39.19126544467551,60.06943944295247,82.44111984820405,67.56798052061298,0.8576931013137079,0.49165390791291685,0.3648138860419983,0.42899946310119674,0.8651228601606249,0.8651228601606249,0.6016566437060888,0.302,0.21033946291986041,1.0,0.2907949790794979,0.0,0.0,0.09917355371900827,1.0,0.0,1,1,3.1666666666666665,1,3.1666666666666665,,,,,,,,,,,,,,,
lstm,42,4,70.08020147196453,72.9777378182811,70.08020147196453,47.53276614548205,73.92660783131917,88.35256497722027,78.7619009467043,0.9968360960176078,0.8219500354755592,0.8863254759153056,0.9175080967803391,0.9958747683293807,0.9958747683293807,0.9236988945036384,0.28,0.15444626008117654,1.0,0.28778467908902694,0.0,0.0,0.008264462809917356,1.0,0.0,1,1,2.6666666666666665,0,,,,,,,,,,,,,,,,
lstm,43,4,74.213090537707,78.3354034520288,74.21309053770702,48.0184304582701,79.62829936345419,93.56356684235502,84.29912308906914,0.9999312194786437,0.9912244669330446,0.866841841296147,0.7851885207572005,0.6028318619342753,0.6028318619342753,0.8492035820798621,0.302,0.20913215514670921,1.0,0.28778467908902694,0.0,0.0,0.09917355371900827,1.0,0.0,1,1,2.3333333333333335,1,2.3333333333333335,,,,,,,,,,,,,,,
cnn_lstm,42,4,49.72994578901927,51.90254880085727,49.72994578901926,36.31381185334935,51.61035629908244,61.41212838937428,54.89571481134092,0.9982804869660913,0.9817020799880503,0.9722846115266359,0.9532724848023,0.9890990254887503,0.9890990254887503,0.9789277377543655,0.298,0.20132348567463074,1.0,0.2914046121593291,0.0,0.0,0.08264462809917356,1.0,0.0,1,1,3.3333333333333335,1,3.3333333333333335,,,,,,,,,,,,,,,
cnn_lstm,43,4,50.45011651341121,53.84088485946247,50.4501165134112,33.965042699726936,51.5190512975057,67.26731413258008,56.797554907045864,0.9960795102826879,0.8182531087792673,0.8022416537648008,0.8741405289319177,0.9970505589987844,0.9970505589987844,0.8975530721514918,0.308,0.22323323513573443,1.0,0.28958333333333336,0.0,0.0,0.12396694214876033,1.0,0.0,1,1,2.8333333333333335,1,2.8333333333333335,,,,,,,,,,,,,,,
cnn_bilstm,42,4,73.85151769892374,77.19670762830724,73.85151769892376,47.19086520334513,77.83044834136963,96.58612383692717,84.1169766930662,0.9993121947864364,0.8903245080100078,0.9005429686648204,0.9404042328408875,0.9153032144921183,0.9153032144921183,0.9291774237588541,0.278,0.1475583864118896,1.0,0.2842535787321063,0.0,0.0,0.0,0.0,0.0,1,1,2.3333333333333335,0,,,,,,,,,,,,,,,,
cnn_bilstm,43,4,55.241136149565385,57.982954326280336,55.24113614956538,40.92974846197261,56.49277954101562,69.19889213822104,60.75161506528669,0.9882385308480639,0.8831547107808357,0.8979262522078546,0.8990630249917734,0.9995217122700731,0.9995217122700731,0.9335808462197202,0.306,0.2183574879227053,1.0,0.2883817427385892,0.0,0.0,0.11570247933884298,1.0,0.0,1,1,2.5,1,2.5,,,,,,,,,,,,,,,
cnn_bilstm_attn,42,4,51.949534237543745,55.02942402749234,51.94953423754374,35.815216540146785,52.62474358876546,69.14474015196492,58.16191695205393,0.9971112181030332,0.8673587512603159,0.8443053708105279,0.8870780581582639,0.9994619263038323,0.9994619263038323,0.9190630649271945,0.304,0.2134192600400885,1.0,0.2871900826446281,0.0,0.0,0.10743801652892562,1.0,0.0,1,1,2.1666666666666665,1,2.1666666666666665,,,,,,,,,,,,,,,
cnn_bilstm_attn,43,4,51.299853328386945,54.121590603675926,51.29985332838694,38.685489169699395,50.477800623575845,67.42125223096737,56.156907672036716,0.9694614485177797,0.7760558646700773,0.779192742973026,0.8569078092796897,0.9999601426891728,0.9999601426891728,0.876315601625949,0.306,0.21811758167599538,1.0,0.28778467908902694,0.0,0.0,0.11570247933884298,1.0,0.0,1,1,2.3333333333333335,1,2.3333333333333335,,,,,,,,,,,,,,,
cnn_bilstm_dual,42,4,73.05659422747293,77.204973630302,73.05659422747294,47.23854491236113,78.66042366027833,91.60031150786345,82.99761598592319,0.999793658435931,0.8783375032674858,0.7869556684620249,0.8253779940767938,0.8063931126566891,0.8063931126566891,0.8593715873797849,0.306,0.21859816806053364,1.0,0.288981288981289,0.0,0.0,0.11570247933884298,1.0,0.0,1,1,2.6666666666666665,1,2.6666666666666665,0.308,0.22347547433212767,1.0,0.29018789144050106,0.0,0.0,0.12396694214876033,1.0,0.0,1.0,1.0,3.0,1.0,3.0,0.8987823591542279
cnn_bilstm_dual,43,4,70.2254308420817,75.30797883956922,70.2254308420817,40.20976694596471,76.8890773455302,91.48908473243398,81.78270863033728,0.9158126418598252,0.5118189626199634,0.3091868553609979,0.32433017544467346,0.15269335777915063,0.15269335777915063,0.4427683986129221,0.304,0.21365839612228246,1.0,0.28778467908902694,0.0,0.0,0.10743801652892562,1.0,0.0,1,1,2.3333333333333335,1,2.3333333333333335,0.31,0.2270805662321583,1.0,0.2883817427385892,0.0,0.0,0.1322314049586777,1.0,0.0,1.0,1.0,2.5,1.0,2.5,0.16991171605651767
proposed,42,4,66.77147615210215,70.73643856257365,66.77147615210215,43.30155948483401,72.27669156392416,82.81334985386242,75.80836927329405,0.9870692619850059,0.8892042271929497,0.9410802677773175,0.9362649162611061,0.962474341856155,0.962474341856155,0.9432186030145069,0.306,0.2193248894491466,1.0,0.2907949790794979,0.0,0.0,0.11570247933884298,1.0,0.0,1,1,3.1666666666666665,1,3.1666666666666665,0.3,0.2062330623306233,1.0,0.2920168067226891,0.0,0.0,0.09090909090909091,1.0,0.0,1.0,1.0,3.5,1.0,3.5,0.9736144602323681
proposed,43,4,71.85313893000284,76.03834681007804,71.85313893000286,44.96355617532341,77.36212905248006,91.81590234740706,82.20674558623676,0.9784029162941056,0.8578363643153217,0.7660873547177217,0.7169677341138572,0.5381334821339604,0.5381334821339604,0.7714855703149933,0.3,0.20477724100912506,1.0,0.2883817427385892,0.0,0.0,0.09090909090909091,1.0,0.0,1,1,2.5,1,2.5,0.304,0.21413898250682073,1.0,0.288981288981289,0.0,0.0,0.10743801652892562,1.0,0.0,1.0,1.0,2.6666666666666665,1.0,2.6666666666666665,0.5265250403555273
cnn,42,5,47.711434980307,52.900705367899256,47.71143498030701,55.017884144794365,14.69014278517829,37.064143496111406,22.189461583025675,0.9998580726262647,0.831486751871961,0.5165867383177056,0.40461849314280673,0.48734241170771997,0.48734241170771997,0.6479784935332916,0.26202219482120837,0.24945803465872865,0.16019032513877876,0.7890625,0.8666666666666667,0.153960029607698,0.12396694214876033,1.0,0.8350515463917526,1,1,60.0,1,9.0,,,,,,,,,,,,,,,
cnn,43,5,54.8200466711238,61.027957267238044,54.82004667112379,65.10133257449193,15.014153724246556,26.627590333134673,18.906746050217365,0.999979724660895,0.7678663320065952,0.5681501588472698,0.41709448242281105,0.45529753680080665,0.45529753680080665,0.6416776469476756,0.24106041923551172,0.24477063129387733,0.11657414750198256,0.9130434782608695,0.9416666666666667,0.15661815661815662,0.1487603305785124,1.0,0.8810467882632831,1,1,60.0,1,20.5,,,,,,,,,,,,,,,
lstm,42,5,57.943916342555376,66.66265223907826,57.943916342555376,70.19437192301255,14.47799354394277,16.489345968262224,15.15215876095843,0.9999594493217899,0.8857394902384977,0.5376085364577885,0.6253254147480456,0.7348079284567275,0.7348079284567275,0.7566881638445698,0.280517879161529,0.3628095373859261,0.1371927042030135,1.0,0.9625,0.16630669546436286,0.4214876033057851,0.85,0.8572561459159397,1,1,60.0,1,120.0,,,,,,,,,,,,,,,
lstm,43,5,61.15046265401617,69.11927096229142,61.15046265401617,71.80451372707769,20.066665744781496,31.607924266295,23.935065415427296,1.0,0.8731897375578916,0.5074082842843064,0.4322236322995464,0.5477185806454448,0.5477185806454448,0.6721080469574379,0.28606658446362515,0.3766591684387503,0.14829500396510706,0.7663934426229508,0.9416666666666667,0.17030896759608138,0.4214876033057851,1.0,0.8469468675654243,1,1,60.0,1,8.333333333333334,,,,,,,,,,,,,,,
cnn_lstm,42,5,46.156260993320956,51.58387420164033,46.15626099332095,53.49017850980222,14.588715240690442,32.33924440115936,20.538338588105233,0.9999188986435799,0.9403282889278626,0.6614708651532587,0.5722315304365829,0.6237629634836706,0.6237629634836706,0.7595425093289909,0.33353884093711467,0.3167626611904526,0.24821570182394925,0.855191256830601,0.8666666666666667,0.16828478964401294,0.1652892561983471,1.0,0.7264076130055511,1,1,60.0,1,9.666666666666666,,,,,,,,,,,,,,,
cnn_lstm,43,5,61.567372044074496,68.9428526154876,61.5673720440745,72.4526491172724,27.530487412876553,15.637768095189875,23.54428509309792,0.9807587031893109,0.7549070058075424,0.5738158032386123,0.4177616066190989,0.5031490199265851,0.5031490199265851,0.6460784277562299,0.24722564734895192,0.26409537623926743,0.14512291831879462,0.7922077922077922,0.8,0.14317673378076062,0.21487603305785125,0.52,0.8532910388580491,1,1,60.0,1,23.5,,,,,,,,,,,,,,,
cnn_bilstm,42,5,47.457068293956,53.77806182959468,47.457068293956,55.35717333582637,14.627417691548665,30.24288388717273,19.86141051612072,1.0,0.8697346173638167,0.611922630092335,0.49053565472105387,0.5328664538762491,0.5328664538762491,0.7010118712106909,0.35450061652281134,0.34135755933090595,0.2727993655828707,0.9148936170212766,0.8666666666666667,0.17007358953393295,0.19008264462809918,1.0,0.7168913560666138,1,1,60.0,1,26.666666666666668,,,,,,,,,,,,,,,
cnn_bilstm,43,5,61.744902619304256,67.70199372288367,61.744902619304256,72.94518337053123,24.67891277472178,18.540634316846358,22.621484261140267,0.9885444334056488,0.7625418762667899,0.558481673374775,0.3940595274153538,0.5403836817721502,0.5403836817721502,0.6488022384469436,0.2120838471023428,0.24753850081127893,0.11181601903251388,0.698019801980198,0.7458333333333333,0.12822349570200572,0.19834710743801653,1.0,0.8834258524980174,1,1,60.0,1,20.166666666666668,,,,,,,,,,,,,,,
cnn_bilstm_attn,42,5,53.816193490816254,60.99222107518961,53.816193490816254,64.61125290497819,11.570621474583943,25.108485744019184,16.10824357043343,1.0,0.8574999212358619,0.5459280589799638,0.5237346686041384,0.5861021350069526,0.5861021350069526,0.7026529567653833,0.2688039457459926,0.28640185193118567,0.13639968279143536,1.0,1.0,0.16830294530154277,0.19834710743801653,1.0,0.8564631245043616,1,1,60.0,1,120.0,,,,,,,,,,,,,,,
cnn_bilstm_attn,43,5,57.7332203574402,63.76953769842206,57.73322035744021,68.28340780876819,19.857714925871957,22.909542071917826,20.880626517759904,0.999979724660895,0.8332615704518961,0.5634535653916672,0.4115849567327784,0.5102027366927273,0.5102027366927273,0.6636965107859928,0.2521578298397041,0.28258969619062785,0.14036478984932593,0.8388625592417062,0.8583333333333333,0.14873646209386282,0.21487603305785125,1.0,0.8540840602696272,1,1,60.0,1,21.333333333333332,,,,,,,,,,,,,,,
cnn_bilstm_dual,42,5,43.119084763027146,48.89980511993694,43.119084763027146,49.911929742388075,13.805984671910604,30.469221150579532,19.39116919800185,0.9997769712698444,0.9049789437203978,0.6285396512517826,0.5839368762484616,0.7104659055711402,0.7104659055711402,0.7655396696123253,0.3914919852034525,0.37319434423897047,0.3259318001586043,0.9052863436123348,0.825,0.1733800350262697,0.21487603305785125,1.0,0.6677240285487708,1,1,60.0,1,19.5,0.32983970406905055,0.3389888131682894,0.28628072957969863,0.9917582417582418,0.5791666666666667,0.4512987012987013,0.2892561983471074,0.03684210526315789,0.7057890563045203,1.0,1.0,60.0,1.0,16.833333333333332,0.6572939297615883
cnn_bilstm_dual,43,5,42.63346168027706,48.384138210153544,42.63346168027706,49.793138145549634,10.636721801757812,31.483590177268034,17.624176298812486,1.0,0.872612133878031,0.5900969601532863,0.717668439274445,0.7324662087205993,0.7324662087205993,0.7825687484052724,0.41060419235511714,0.42911563584404977,0.3132434575733545,0.891647855530474,0.9666666666666667,0.20350877192982456,0.32231404958677684,1.0,0.6724821570182395,1,1,60.0,1,9.333333333333334,0.3008631319358816,0.3438296702385902,0.23473433782712133,1.0,0.3333333333333333,0.898876404494382,0.9256198347107438,0.09054163298302344,0.7620935765265662,1.0,1.0,60.0,1.0,120.0,0.6147365784970378
proposed,42,5,42.22230864384514,50.59301542815962,42.22230864384514,50.653922151328075,9.396577021810744,19.46124216741767,12.77005204291445,1.0,0.9791747618697557,0.9167111732674085,0.8723799080595503,0.7682576155317966,0.7682576155317966,0.9073046917457022,0.4395807644882861,0.42199621402347076,0.36320380650277556,0.9662447257383966,0.9333333333333333,0.20053715308863027,0.256198347107438,1.0,0.6280729579698652,1,1,60.0,1,28.833333333333332,0.43279901356350187,0.40130842266635774,0.3275178429817605,0.9904076738609112,0.8291666666666667,0.27600554785020803,0.743801652892562,0.1859504132231405,0.6605868358445678,1.0,1.0,60.0,1.0,30.5,0.6761199505295231
proposed,43,5,52.59057347371752,59.70349016261163,52.59057347371752,62.759853074136565,15.756059169769287,19.671745844123777,17.068519246214976,0.999979724660895,0.8958948131189549,0.619581436067415,0.513677963047454,0.6509607421450241,0.6509607421450241,0.7360189358079486,0.3088779284833539,0.37299888019918015,0.17287866772402855,1.0,1.0,0.1763409257898604,0.35537190082644626,1.0,0.823949246629659,1,1,60.0,1,120.0,0.3082614056720099,0.28557955021152165,0.19904837430610625,1.0,0.85,0.25888324873096447,0.371900826446281,0.07718696397941681,0.7922283901665345,1.0,1.0,60.0,1.0,120.0,0.8138662320059927
