,MAE_min,MAE_min_actionable,AUC_h10,AUC_h60,AUC_mean_h,stage_macroF1,false_alarm_rate,alarm active at end (of 6),median sustained lead (min),params,fit+predict s (median),best epoch (median)
Constant,40.310 +/- 4.179,53.373 +/- 11.107,0.500 +/- 0.000,0.500 +/- 0.000,0.500 +/- 0.000,0.246 +/- 0.058,0.000 +/- 0.000,0.0,nan,,0.009719491004943848,
Ridge,55.531 +/- 23.253,31.076 +/- 18.026,0.603 +/- 0.174,0.703 +/- 0.221,0.615 +/- 0.198,0.267 +/- 0.214,0.535 +/- 0.427,6.0,64.8,,0.4071460962295532,
Random Forest,44.125 +/- 17.331,38.902 +/- 21.387,0.776 +/- 0.162,0.662 +/- 0.168,0.717 +/- 0.159,0.342 +/- 0.165,0.365 +/- 0.372,4.0,28.2,,13.370667695999146,
Gradient Boosting,43.007 +/- 16.689,39.680 +/- 20.811,0.781 +/- 0.161,0.670 +/- 0.142,0.725 +/- 0.091,0.335 +/- 0.141,0.362 +/- 0.363,4.0,29.8,,4.314951539039612,
CNN,46.152 +/- 19.683,28.946 +/- 21.476,0.803 +/- 0.183,0.835 +/- 0.195,0.803 +/- 0.172,0.294 +/- 0.163,0.563 +/- 0.356,5.5,39.8,25729.0,7.66225004196167,1.5
LSTM,42.477 +/- 21.791,27.978 +/- 26.595,0.940 +/- 0.049,0.822 +/- 0.128,0.886 +/- 0.104,0.373 +/- 0.160,0.454 +/- 0.341,5.5,63.5,31617.0,8.162054181098938,1.0
CNN + LSTM,43.131 +/- 18.977,24.150 +/- 16.352,0.883 +/- 0.106,0.811 +/- 0.173,0.852 +/- 0.128,0.325 +/- 0.182,0.517 +/- 0.339,6.0,39.0,58753.0,17.088252902030945,3.5
CNN + BiLSTM,46.738 +/- 20.546,28.407 +/- 22.156,0.893 +/- 0.077,0.810 +/- 0.175,0.873 +/- 0.116,0.314 +/- 0.179,0.537 +/- 0.346,5.5,59.3,95873.0,19.82974350452423,2.5
CNN + BiLSTM + Attention (single head),44.922 +/- 18.441,23.340 +/- 17.162,0.848 +/- 0.144,0.789 +/- 0.193,0.830 +/- 0.149,0.315 +/- 0.156,0.586 +/- 0.345,6.0,67.0,112513.0,28.627503633499146,6.5
"CNN + BiLSTM (dual head, no attention)",47.172 +/- 24.217,31.326 +/- 25.701,0.879 +/- 0.107,0.747 +/- 0.202,0.827 +/- 0.126,0.317 +/- 0.197,0.506 +/- 0.339,6.0,28.5,98052.0,20.90374231338501,1.0
PROPOSED: CNN + BiLSTM + Attention (dual head),45.510 +/- 21.669,28.752 +/- 25.005,0.870 +/- 0.133,0.809 +/- 0.113,0.847 +/- 0.118,0.351 +/- 0.183,0.523 +/- 0.324,6.0,62.9,114692.0,22.074852228164673,1.0
