feature,dMAE_actionable,dAUC
horiz_band_0_1k,-0.6048610455935699,-0.00408398960584425
horiz_band_1_3k,-1.8416273460558086,-0.030794177393420066
horiz_band_3_6k,5.062461790444149,0.05729933940313534
horiz_band_6_12k,1.1910623022667075,-0.014492078071094936
horiz_crest_factor,-0.9328620761906855,-0.016144937764729684
horiz_impulse_factor,-0.06524120601357793,-0.0002495641494071101
horiz_kurtosis,-0.3856167310658716,-0.003134826866815104
horiz_margin_factor,-0.12684585692168934,0.0003817414922127847
horiz_p2p,-0.034724892284672425,0.004240597615725307
horiz_peak,2.1276191982923938,0.07421065978229675
horiz_rms,0.0835148042067142,0.003833910920208447
horiz_shape_factor,1.9641780526035404,0.08047259154722543
horiz_skewness,0.6462296436815512,0.003484933714655155
horiz_spec_centroid,-0.7376010315225727,0.012119611642454195
horiz_spec_energy,0.057295303918936856,0.003768026750534332
horiz_spec_peak_freq,0.002814786234335731,-0.0008007942758731836
horiz_spec_spread,-0.001719971200116947,0.002785674795815508
vert_band_0_1k,-0.37773881645085217,0.0023634552252232294
vert_band_1_3k,0.508029960941279,0.01465220051190419
vert_band_3_6k,-0.07007830899458926,-0.0025539994590132176
vert_band_6_12k,0.11950323379257306,-0.0011438869047792715
vert_crest_factor,0.08456288686000857,9.818883338953237e-05
vert_impulse_factor,-0.008736165151856046,-0.0002047551723875681
vert_kurtosis,0.1147954491407804,-0.0010973499295930528
vert_margin_factor,-0.02633676332180664,0.0001769134018643805
vert_p2p,0.09652118646289438,-0.005220632632175097
vert_peak,-0.5551488752251449,-0.019945770892961217
vert_rms,0.04209989525979966,-0.0011774201700401564
vert_shape_factor,0.03810219044332334,-0.004304525344465367
vert_skewness,-0.020365252494325265,-0.00010753424999460544
vert_spec_centroid,-0.0618304768668733,-0.0010798433934895203
vert_spec_energy,0.10627528244820124,-0.0001925342223655091
vert_spec_peak_freq,0.2657177148274205,0.010175938081199348
vert_spec_spread,-0.2902464649743017,-0.0066103393182634545
